EntryTime,Type,Leverage,EntryPrice,ExitTime,ExitPrice,Result,ROI% on Capital,Final Balance
2025-01-05T20:00:00.000Z,LONG,5x,97989.5,2025-01-05T20:15:00.000Z,98577.437,WIN,3.00%,1030.00
2025-01-05T21:50:00.000Z,LONG,5x,98491.6,2025-01-06T02:05:00.000Z,99082.54960000001,WIN,3.00%,1060.90
2025-01-06T03:20:00.000Z,LONG,5x,99043.4,2025-01-06T05:30:00.000Z,99637.6604,WIN,3.00%,1092.73
2025-01-06T13:50:00.000Z,LONG,5x,99419.5,2025-01-06T14:45:00.000Z,100016.017,WIN,3.00%,1125.51
2025-01-06T15:10:00.000Z,LONG,5x,101202.4,2025-01-06T15:30:00.000Z,101809.61439999999,WIN,3.00%,1159.27
2025-01-06T15:50:00.000Z,LONG,5x,102306.1,2025-01-07T15:00:00.000Z,99236.917,LOSS,-15.00%,985.38
2025-01-09T08:00:00.000Z,SHORT,5x,93127,2025-01-09T13:30:00.000Z,92568.238,WIN,3.00%,1014.94
2025-01-09T13:55:00.000Z,SHORT,5x,91926.8,2025-01-09T20:20:00.000Z,91375.2392,WIN,3.00%,1045.39
2025-01-10T16:35:00.000Z,SHORT,5x,93214.4,2025-01-13T09:30:00.000Z,92655.1136,WIN,3.00%,1076.75
2025-01-15T13:00:00.000Z,LONG,5x,97020.9,2025-01-15T13:30:00.000Z,97603.0254,WIN,3.00%,1109.06
2025-01-15T15:00:00.000Z,LONG,5x,99514.8,2025-01-15T20:05:00.000Z,100111.8888,WIN,3.00%,1142.33
2025-01-15T23:20:00.000Z,LONG,5x,99766,2025-01-15T23:55:00.000Z,100364.596,WIN,3.00%,1176.60
2025-01-16T19:35:00.000Z,LONG,5x,99989.6,2025-01-16T20:00:00.000Z,100589.53760000001,WIN,3.00%,1211.90
2025-01-16T20:25:00.000Z,LONG,5x,100579.9,2025-01-17T01:35:00.000Z,101183.37939999999,WIN,3.00%,1248.25
2025-01-17T02:15:00.000Z,LONG,5x,102046.6,2025-01-17T12:40:00.000Z,102658.8796,WIN,3.00%,1285.70
2025-01-17T14:30:00.000Z,LONG,5x,102816.9,2025-01-17T15:00:00.000Z,103433.8014,WIN,3.00%,1324.27
2025-01-17T16:10:00.000Z,LONG,5x,104384.2,2025-01-17T17:25:00.000Z,105010.5052,WIN,3.00%,1364.00
2025-01-18T23:00:00.000Z,LONG,5x,104409.7,2025-01-19T02:20:00.000Z,105036.15819999999,WIN,3.00%,1404.92
2025-01-23T14:25:00.000Z,LONG,5x,102398.7,2025-01-23T14:30:00.000Z,103013.0922,WIN,3.00%,1447.07
2025-01-23T15:45:00.000Z,LONG,5x,105045.7,2025-01-23T16:05:00.000Z,105675.9742,WIN,3.00%,1490.48
2025-01-23T23:05:00.000Z,LONG,5x,104186.8,2025-01-24T04:45:00.000Z,104811.9208,WIN,3.00%,1535.19
2025-01-28T16:00:00.000Z,SHORT,5x,102601.2,2025-01-28T16:25:00.000Z,101985.5928,WIN,3.00%,1581.25
2025-01-28T18:05:00.000Z,SHORT,5x,102371.5,2025-01-28T20:45:00.000Z,101757.271,WIN,3.00%,1628.69
2025-01-28T21:35:00.000Z,SHORT,5x,100861.1,2025-01-28T21:50:00.000Z,100255.93340000001,WIN,3.00%,1677.55
2025-01-29T13:00:00.000Z,SHORT,5x,102079.3,2025-01-29T19:15:00.000Z,101466.8242,WIN,3.00%,1727.87
2025-02-01T03:00:00.000Z,SHORT,5x,102335.7,2025-02-01T09:30:00.000Z,101721.68579999999,WIN,3.00%,1779.71
2025-02-01T22:15:00.000Z,SHORT,5x,100757.8,2025-02-02T03:05:00.000Z,100153.2532,WIN,3.00%,1833.10
2025-02-02T03:15:00.000Z,SHORT,5x,100043.9,2025-02-02T03:25:00.000Z,99443.6366,WIN,3.00%,1888.10
2025-02-02T04:00:00.000Z,SHORT,5x,99070,2025-02-02T12:35:00.000Z,98475.58,WIN,3.00%,1944.74
2025-02-02T17:20:00.000Z,SHORT,5x,97692.5,2025-02-02T17:50:00.000Z,97106.345,WIN,3.00%,2003.08
2025-02-06T16:20:00.000Z,SHORT,5x,96937,2025-02-06T16:55:00.000Z,96355.378,WIN,3.00%,2063.17
2025-02-06T18:15:00.000Z,SHORT,5x,96215.5,2025-02-06T19:45:00.000Z,95638.207,WIN,3.00%,2125.07
2025-02-07T00:40:00.000Z,SHORT,5x,96461,2025-02-07T14:05:00.000Z,99354.83,LOSS,-15.00%,1806.31
2025-02-07T19:05:00.000Z,SHORT,5x,97361.6,2025-02-07T20:00:00.000Z,96777.43040000001,WIN,3.00%,1860.50
2025-02-07T20:30:00.000Z,SHORT,5x,95999.9,2025-02-09T21:35:00.000Z,95423.9006,WIN,3.00%,1916.31
2025-02-17T04:10:00.000Z,SHORT,5x,96038.5,2025-02-17T16:10:00.000Z,95462.269,WIN,3.00%,1973.80
2025-02-17T16:20:00.000Z,SHORT,5x,95647.5,2025-02-18T08:45:00.000Z,95073.615,WIN,3.00%,2033.02
2025-02-18T16:25:00.000Z,SHORT,5x,95211.7,2025-02-18T16:40:00.000Z,94640.4298,WIN,3.00%,2094.01
2025-02-18T17:20:00.000Z,SHORT,5x,94524.8,2025-02-18T18:00:00.000Z,93957.65120000001,WIN,3.00%,2156.83
2025-02-18T18:15:00.000Z,SHORT,5x,94004.1,2025-02-18T19:05:00.000Z,93440.0754,WIN,3.00%,2221.53
2025-02-20T00:50:00.000Z,LONG,5x,96734.6,2025-02-20T03:00:00.000Z,97315.00760000001,WIN,3.00%,2288.18
2025-02-20T04:25:00.000Z,LONG,5x,97212.6,2025-02-20T14:15:00.000Z,97795.8756,WIN,3.00%,2356.82
2025-02-20T17:20:00.000Z,LONG,5x,97850,2025-02-20T19:20:00.000Z,98437.1,WIN,3.00%,2427.53
2025-02-20T20:25:00.000Z,LONG,5x,98532.6,2025-02-21T13:00:00.000Z,99123.79560000001,WIN,3.00%,2500.35
2025-02-21T13:35:00.000Z,LONG,5x,99387,2025-02-21T19:00:00.000Z,96405.39,LOSS,-15.00%,2125.30
2025-02-24T04:00:00.000Z,SHORT,5x,95427.6,2025-02-24T14:50:00.000Z,94855.0344,WIN,3.00%,2189.06
2025-02-24T15:30:00.000Z,SHORT,5x,94232.5,2025-02-24T19:40:00.000Z,93667.105,WIN,3.00%,2254.73
2025-02-24T21:00:00.000Z,SHORT,5x,93868.1,2025-02-24T22:00:00.000Z,93304.89140000001,WIN,3.00%,2322.37
2025-02-24T22:40:00.000Z,SHORT,5x,93097.4,2025-02-24T22:50:00.000Z,92538.81559999999,WIN,3.00%,2392.04
2025-02-24T23:20:00.000Z,SHORT,5x,92260.2,2025-02-24T23:35:00.000Z,91706.6388,WIN,3.00%,2463.81
2025-02-24T23:50:00.000Z,SHORT,5x,91418.4,2025-02-25T00:10:00.000Z,90869.8896,WIN,3.00%,2537.72
2025-02-25T06:00:00.000Z,SHORT,5x,91819.1,2025-02-25T06:50:00.000Z,91268.1854,WIN,3.00%,2613.85
2025-02-25T07:30:00.000Z,SHORT,5x,88940.4,2025-02-25T07:35:00.000Z,88406.7576,WIN,3.00%,2692.27
2025-02-25T09:25:00.000Z,SHORT,5x,88607.9,2025-02-25T10:00:00.000Z,88076.25259999999,WIN,3.00%,2773.03
2025-02-25T10:15:00.000Z,SHORT,5x,87905.1,2025-02-25T10:20:00.000Z,87377.6694,WIN,3.00%,2856.23
2025-02-25T14:00:00.000Z,SHORT,5x,88789.6,2025-02-25T14:40:00.000Z,88256.8624,WIN,3.00%,2941.91
2025-02-26T17:00:00.000Z,SHORT,5x,86907.8,2025-02-26T17:35:00.000Z,86386.3532,WIN,3.00%,3030.17
2025-02-26T17:55:00.000Z,SHORT,5x,86010,2025-02-26T18:25:00.000Z,85493.94,WIN,3.00%,3121.07
2025-02-26T19:00:00.000Z,SHORT,5x,84033.8,2025-02-26T20:10:00.000Z,83529.5972,WIN,3.00%,3214.71
2025-02-27T17:00:00.000Z,SHORT,5x,84536.7,2025-02-27T19:25:00.000Z,84029.4798,WIN,3.00%,3311.15
2025-02-27T20:05:00.000Z,SHORT,5x,83393.4,2025-02-27T20:15:00.000Z,82893.03959999999,WIN,3.00%,3410.48
2025-03-06T02:10:00.000Z,LONG,5x,91575,2025-03-06T04:40:00.000Z,92124.45,WIN,3.00%,3512.80
2025-03-06T05:25:00.000Z,LONG,5x,92366.5,2025-03-06T13:55:00.000Z,89595.505,LOSS,-15.00%,2985.88
2025-03-07T09:00:00.000Z,LONG,5x,88457.9,2025-03-07T09:25:00.000Z,88988.6474,WIN,3.00%,3075.45
2025-03-07T13:05:00.000Z,LONG,5x,89333.9,2025-03-07T13:30:00.000Z,89869.9034,WIN,3.00%,3167.72
2025-03-07T14:45:00.000Z,LONG,5x,90644,2025-03-07T16:20:00.000Z,87924.68,LOSS,-15.00%,2692.56
2025-03-08T01:05:00.000Z,SHORT,5x,86538.2,2025-03-08T01:20:00.000Z,86018.9708,WIN,3.00%,2773.34
2025-03-08T01:35:00.000Z,SHORT,5x,85413.9,2025-03-09T10:45:00.000Z,84901.4166,WIN,3.00%,2856.54
2025-03-09T10:55:00.000Z,SHORT,5x,84816.7,2025-03-09T12:05:00.000Z,84307.7998,WIN,3.00%,2942.23
2025-03-09T14:00:00.000Z,SHORT,5x,83481.3,2025-03-09T14:15:00.000Z,82980.4122,WIN,3.00%,3030.50
2025-03-09T15:45:00.000Z,SHORT,5x,82914.6,2025-03-09T16:50:00.000Z,82417.1124,WIN,3.00%,3121.41
2025-03-09T17:00:00.000Z,SHORT,5x,82565.4,2025-03-09T21:20:00.000Z,82070.0076,WIN,3.00%,3215.06
2025-03-09T22:00:00.000Z,SHORT,5x,81685,2025-03-09T22:25:00.000Z,81194.89,WIN,3.00%,3311.51
2025-03-10T16:20:00.000Z,SHORT,5x,79466.8,2025-03-10T16:50:00.000Z,78989.9992,WIN,3.00%,3410.85
2025-03-10T18:55:00.000Z,SHORT,5x,77620.7,2025-03-11T00:30:00.000Z,77154.9758,WIN,3.00%,3513.18
2025-03-11T01:10:00.000Z,SHORT,5x,77087.1,2025-03-11T02:00:00.000Z,79399.713,LOSS,-15.00%,2986.20
2025-03-16T18:20:00.000Z,LONG,5x,83932.9,2025-03-17T18:40:00.000Z,84436.4974,WIN,3.00%,3075.79
2025-03-18T22:10:00.000Z,LONG,5x,82225.5,2025-03-18T23:15:00.000Z,82718.853,WIN,3.00%,3168.06
2025-03-18T23:50:00.000Z,LONG,5x,82750.6,2025-03-19T05:50:00.000Z,83247.1036,WIN,3.00%,3263.10
2025-03-19T06:15:00.000Z,LONG,5x,83284.9,2025-03-19T10:30:00.000Z,83784.6094,WIN,3.00%,3361.00
2025-03-19T14:00:00.000Z,LONG,5x,84324.4,2025-03-19T15:50:00.000Z,84830.3464,WIN,3.00%,3461.83
2025-03-19T19:40:00.000Z,LONG,5x,85417,2025-03-19T22:35:00.000Z,85929.50200000001,WIN,3.00%,3565.68
2025-03-19T23:25:00.000Z,LONG,5x,86765.8,2025-03-20T00:00:00.000Z,87286.39480000001,WIN,3.00%,3672.65
2025-03-21T17:40:00.000Z,LONG,5x,84032.8,2025-03-21T21:35:00.000Z,84536.99680000001,WIN,3.00%,3782.83
2025-03-23T02:30:00.000Z,LONG,5x,84160,2025-03-23T11:00:00.000Z,84664.96,WIN,3.00%,3896.32
2025-03-23T13:20:00.000Z,LONG,5x,84892.3,2025-03-23T22:15:00.000Z,85401.6538,WIN,3.00%,4013.21
2025-03-23T23:05:00.000Z,LONG,5x,85438.3,2025-03-23T23:55:00.000Z,85950.9298,WIN,3.00%,4133.60
2025-03-24T00:20:00.000Z,LONG,5x,86199.9,2025-03-24T04:00:00.000Z,86717.09939999999,WIN,3.00%,4257.61
2025-03-24T04:45:00.000Z,LONG,5x,86852.5,2025-03-24T08:25:00.000Z,87373.615,WIN,3.00%,4385.34
2025-03-24T15:55:00.000Z,LONG,5x,88283.6,2025-03-28T06:50:00.000Z,85635.092,LOSS,-15.00%,3727.54
2025-04-01T02:00:00.000Z,LONG,5x,82669.9,2025-04-01T03:15:00.000Z,83165.9194,WIN,3.00%,3839.36
2025-04-01T04:35:00.000Z,LONG,5x,83141.6,2025-04-01T08:10:00.000Z,83640.4496,WIN,3.00%,3954.55
2025-04-01T08:50:00.000Z,LONG,5x,84042,2025-04-01T15:10:00.000Z,84546.25200000001,WIN,3.00%,4073.18
2025-04-01T15:35:00.000Z,LONG,5x,85148.8,2025-04-02T13:45:00.000Z,85659.6928,WIN,3.00%,4195.38
2025-04-02T14:20:00.000Z,LONG,5x,85645.7,2025-04-02T15:05:00.000Z,86159.5742,WIN,3.00%,4321.24
2025-04-02T15:25:00.000Z,LONG,5x,86509.1,2025-04-02T15:30:00.000Z,87028.15460000001,WIN,3.00%,4450.88
2025-04-03T21:00:00.000Z,LONG,5x,82299.9,2025-04-03T21:55:00.000Z,82793.6994,WIN,3.00%,4584.40
2025-04-03T22:20:00.000Z,LONG,5x,82732.6,2025-04-03T23:45:00.000Z,83228.99560000001,WIN,3.00%,4721.93
2025-04-03T23:55:00.000Z,LONG,5x,83181.5,2025-04-04T07:25:00.000Z,83680.589,WIN,3.00%,4863.59
2025-04-05T01:00:00.000Z,LONG,5x,83830.3,2025-04-06T17:30:00.000Z,81315.391,LOSS,-15.00%,4134.05
2025-04-06T17:35:00.000Z,SHORT,5x,81434,2025-04-06T17:45:00.000Z,80945.396,WIN,3.00%,4258.07
2025-04-06T18:00:00.000Z,SHORT,5x,80363.4,2025-04-06T18:20:00.000Z,79881.2196,WIN,3.00%,4385.82
2025-04-06T18:45:00.000Z,SHORT,5x,78930.7,2025-04-06T22:00:00.000Z,78457.1158,WIN,3.00%,4517.39
2025-04-06T22:40:00.000Z,SHORT,5x,78287.5,2025-04-06T22:50:00.000Z,77817.775,WIN,3.00%,4652.91
2025-04-07T04:15:00.000Z,SHORT,5x,77235.7,2025-04-07T04:40:00.000Z,76772.2858,WIN,3.00%,4792.50
2025-04-07T06:15:00.000Z,SHORT,5x,76162.5,2025-04-07T06:25:00.000Z,75705.525,WIN,3.00%,4936.28
2025-04-08T14:20:00.000Z,SHORT,5x,79540.7,2025-04-08T14:40:00.000Z,79063.4558,WIN,3.00%,5084.36
2025-04-08T15:20:00.000Z,SHORT,5x,78298.2,2025-04-08T16:20:00.000Z,77828.4108,WIN,3.00%,5236.90
2025-04-08T16:35:00.000Z,SHORT,5x,77554.9,2025-04-08T17:05:00.000Z,77089.57059999999,WIN,3.00%,5394.00
2025-04-08T17:30:00.000Z,SHORT,5x,76562.5,2025-04-09T00:00:00.000Z,76103.125,WIN,3.00%,5555.82
2025-04-11T03:55:00.000Z,LONG,5x,80796.9,2025-04-11T06:45:00.000Z,81281.6814,WIN,3.00%,5722.50
2025-04-11T08:10:00.000Z,LONG,5x,81408.6,2025-04-11T09:25:00.000Z,81897.0516,WIN,3.00%,5894.17
2025-04-11T09:55:00.000Z,LONG,5x,82388,2025-04-11T10:30:00.000Z,82882.328,WIN,3.00%,6071.00
2025-04-11T17:10:00.000Z,LONG,5x,82916.6,2025-04-11T17:35:00.000Z,83414.0996,WIN,3.00%,6253.13
2025-04-11T18:00:00.000Z,LONG,5x,84075,2025-04-12T13:55:00.000Z,84579.45,WIN,3.00%,6440.72
2025-04-12T14:25:00.000Z,LONG,5x,84856.7,2025-04-12T15:40:00.000Z,85365.84019999999,WIN,3.00%,6633.94
2025-04-12T20:15:00.000Z,LONG,5x,85167.6,2025-04-12T20:40:00.000Z,85678.60560000001,WIN,3.00%,6832.96
2025-04-14T02:25:00.000Z,LONG,5x,84998.8,2025-04-14T02:30:00.000Z,85508.79280000001,WIN,3.00%,7037.95
2025-04-14T02:50:00.000Z,LONG,5x,85249.4,2025-04-15T05:35:00.000Z,85760.8964,WIN,3.00%,7249.09
2025-04-17T02:55:00.000Z,LONG,5x,84226.5,2025-04-17T06:40:00.000Z,84731.859,WIN,3.00%,7466.56
2025-04-17T07:25:00.000Z,LONG,5x,84891.6,2025-04-17T18:20:00.000Z,85400.9496,WIN,3.00%,7690.56
2025-04-17T18:40:00.000Z,LONG,5x,85334.6,2025-04-21T00:25:00.000Z,85846.6076,WIN,3.00%,7921.27
2025-04-21T01:30:00.000Z,LONG,5x,87072.1,2025-04-21T02:20:00.000Z,87594.5326,WIN,3.00%,8158.91
2025-04-21T14:10:00.000Z,LONG,5x,87637.1,2025-04-21T14:25:00.000Z,88162.9226,WIN,3.00%,8403.68
2025-04-21T15:00:00.000Z,LONG,5x,88147.2,2025-04-22T01:20:00.000Z,88676.0832,WIN,3.00%,8655.79
2025-04-22T05:35:00.000Z,LONG,5x,88257.5,2025-04-22T12:35:00.000Z,88787.045,WIN,3.00%,8915.46
2025-04-22T12:50:00.000Z,LONG,5x,88807.6,2025-04-22T13:05:00.000Z,89340.4456,WIN,3.00%,9182.93
2025-04-22T13:40:00.000Z,LONG,5x,90116.1,2025-04-22T14:35:00.000Z,90656.7966,WIN,3.00%,9458.42
2025-04-22T15:00:00.000Z,LONG,5x,91129.2,2025-04-22T18:00:00.000Z,91675.9752,WIN,3.00%,9742.17
2025-04-22T19:00:00.000Z,LONG,5x,91600.2,2025-04-22T21:45:00.000Z,92149.8012,WIN,3.00%,10034.43
2025-04-22T23:30:00.000Z,LONG,5x,93641.2,2025-04-23T07:55:00.000Z,94203.0472,WIN,3.00%,10335.47
2025-04-23T08:15:00.000Z,LONG,5x,94229.9,2025-04-23T13:35:00.000Z,94795.2794,WIN,3.00%,10645.53
2025-04-24T15:10:00.000Z,LONG,5x,93250.5,2025-04-24T23:30:00.000Z,93810.003,WIN,3.00%,10964.90
2025-05-01T01:00:00.000Z,LONG,5x,94449.9,2025-05-01T05:40:00.000Z,95016.59939999999,WIN,3.00%,11293.84
2025-05-01T09:00:00.000Z,LONG,5x,95132.9,2025-05-01T09:50:00.000Z,95703.69739999999,WIN,3.00%,11632.66
2025-05-01T10:15:00.000Z,LONG,5x,96173.9,2025-05-01T14:55:00.000Z,96750.94339999999,WIN,3.00%,11981.64
2025-05-01T16:35:00.000Z,LONG,5x,97268.7,2025-05-02T14:55:00.000Z,97852.3122,WIN,3.00%,12341.09
2025-05-02T16:10:00.000Z,LONG,5x,97567,2025-05-04T23:05:00.000Z,94639.98999999999,LOSS,-15.00%,10489.92
2025-05-07T00:20:00.000Z,LONG,5x,97343.9,2025-05-08T01:00:00.000Z,97927.9634,WIN,3.00%,10804.62
2025-05-08T01:30:00.000Z,LONG,5x,97920.8,2025-05-08T02:25:00.000Z,98508.3248,WIN,3.00%,11128.76
2025-05-08T08:05:00.000Z,LONG,5x,99427.2,2025-05-08T15:20:00.000Z,100023.7632,WIN,3.00%,11462.62
2025-05-08T15:45:00.000Z,LONG,5x,101299,2025-05-08T20:35:00.000Z,101906.794,WIN,3.00%,11806.50
2025-05-08T20:55:00.000Z,LONG,5x,102576.9,2025-05-08T21:15:00.000Z,103192.3614,WIN,3.00%,12160.70
2025-05-10T23:10:00.000Z,LONG,5x,103961.2,2025-05-10T23:15:00.000Z,104584.9672,WIN,3.00%,12525.52
2025-05-10T23:50:00.000Z,LONG,5x,104712.4,2025-05-12T07:00:00.000Z,105340.67439999999,WIN,3.00%,12901.28
2025-05-17T00:00:00.000Z,SHORT,5x,103411.4,2025-05-17T01:20:00.000Z,102790.9316,WIN,3.00%,13288.32
2025-05-17T07:45:00.000Z,SHORT,5x,103419.9,2025-05-17T09:25:00.000Z,102799.38059999999,WIN,3.00%,13686.97
2025-05-17T09:45:00.000Z,SHORT,5x,102814.5,2025-05-18T16:55:00.000Z,105898.935,LOSS,-15.00%,11633.93
2025-05-18T22:20:00.000Z,LONG,5x,104646.7,2025-05-18T22:30:00.000Z,105274.5802,WIN,3.00%,11982.94
2025-05-18T22:50:00.000Z,LONG,5x,105558.3,2025-05-18T23:50:00.000Z,106191.6498,WIN,3.00%,12342.43
2025-05-19T02:05:00.000Z,SHORT,5x,104981.6,2025-05-19T03:05:00.000Z,104351.71040000001,WIN,3.00%,12712.70
2025-05-19T03:35:00.000Z,SHORT,5x,104009.7,2025-05-19T04:00:00.000Z,103385.6418,WIN,3.00%,13094.09
2025-05-19T04:25:00.000Z,SHORT,5x,103266.3,2025-05-19T05:00:00.000Z,102646.7022,WIN,3.00%,13486.91
2025-05-19T06:30:00.000Z,SHORT,5x,102221.7,2025-05-19T16:55:00.000Z,105288.351,LOSS,-15.00%,11463.87
2025-05-21T04:35:00.000Z,LONG,5x,107489,2025-05-21T14:50:00.000Z,108133.934,WIN,3.00%,11807.79
2025-05-21T16:45:00.000Z,LONG,5x,109631.2,2025-05-21T17:50:00.000Z,106342.264,LOSS,-15.00%,10036.62
2025-05-21T20:00:00.000Z,LONG,5x,108499.8,2025-05-21T23:10:00.000Z,109150.7988,WIN,3.00%,10337.72
2025-05-21T23:55:00.000Z,LONG,5x,109609.5,2025-05-22T01:00:00.000Z,110267.157,WIN,3.00%,10647.85
2025-05-22T02:20:00.000Z,LONG,5x,110441.3,2025-05-22T03:40:00.000Z,111103.94780000001,WIN,3.00%,10967.29
2025-05-24T23:00:00.000Z,SHORT,5x,107906.1,2025-05-25T00:40:00.000Z,107258.6634,WIN,3.00%,11296.30
2025-05-25T07:00:00.000Z,SHORT,5x,107798.1,2025-05-25T08:45:00.000Z,107151.3114,WIN,3.00%,11635.19
2025-05-25T09:35:00.000Z,SHORT,5x,106800.3,2025-05-26T07:05:00.000Z,110004.30900000001,LOSS,-15.00%,9889.91
2025-05-26T14:00:00.000Z,SHORT,5x,109570.3,2025-05-26T17:45:00.000Z,108912.8782,WIN,3.00%,10186.61
2025-05-26T19:05:00.000Z,SHORT,5x,108967.8,2025-05-27T01:15:00.000Z,108313.9932,WIN,3.00%,10492.21
2025-05-28T02:00:00.000Z,SHORT,5x,108635.6,2025-05-28T13:55:00.000Z,107983.78640000001,WIN,3.00%,10806.98
2025-05-28T14:05:00.000Z,SHORT,5x,107932.2,2025-05-28T15:05:00.000Z,107284.6068,WIN,3.00%,11131.19
2025-05-28T20:00:00.000Z,SHORT,5x,106895.7,2025-05-29T17:40:00.000Z,106254.32579999999,WIN,3.00%,11465.12
2025-05-29T18:05:00.000Z,SHORT,5x,106426,2025-05-29T18:55:00.000Z,105787.444,WIN,3.00%,11809.07
2025-05-30T00:45:00.000Z,SHORT,5x,105396.3,2025-05-30T00:55:00.000Z,104763.9222,WIN,3.00%,12163.35
2025-05-30T07:15:00.000Z,SHORT,5x,105509.7,2025-05-30T07:45:00.000Z,104876.6418,WIN,3.00%,12528.25
2025-05-30T08:15:00.000Z,SHORT,5x,104933.2,2025-05-30T16:30:00.000Z,104303.6008,WIN,3.00%,12904.09
2025-05-30T16:50:00.000Z,SHORT,5x,103858.1,2025-05-31T01:55:00.000Z,103234.9514,WIN,3.00%,13291.22
2025-05-31T02:45:00.000Z,SHORT,5x,103369.4,2025-06-03T02:00:00.000Z,106470.482,LOSS,-15.00%,11297.53
2025-06-04T00:25:00.000Z,SHORT,5x,105236.3,2025-06-04T14:00:00.000Z,104604.88220000001,WIN,3.00%,11636.46
2025-06-04T18:35:00.000Z,SHORT,5x,105078.1,2025-06-04T20:20:00.000Z,104447.6314,WIN,3.00%,11985.55
2025-06-04T20:55:00.000Z,SHORT,5x,104558.9,2025-06-05T14:15:00.000Z,103931.54659999999,WIN,3.00%,12345.12
2025-06-05T16:10:00.000Z,SHORT,5x,104325.5,2025-06-05T16:35:00.000Z,103699.547,WIN,3.00%,12715.47
2025-06-05T17:45:00.000Z,SHORT,5x,103163.8,2025-06-05T18:15:00.000Z,102544.8172,WIN,3.00%,13096.94
2025-06-05T19:15:00.000Z,SHORT,5x,101748.5,2025-06-05T20:15:00.000Z,101138.009,WIN,3.00%,13489.85
2025-06-10T23:35:00.000Z,LONG,5x,110019.9,2025-06-12T13:25:00.000Z,106719.30299999999,LOSS,-15.00%,11466.37
2025-06-12T20:00:00.000Z,SHORT,5x,106810.4,2025-06-12T20:40:00.000Z,106169.5376,WIN,3.00%,11810.36
2025-06-13T00:00:00.000Z,SHORT,5x,104743.8,2025-06-13T00:10:00.000Z,104115.33720000001,WIN,3.00%,12164.67
2025-06-13T00:30:00.000Z,SHORT,5x,103329.5,2025-06-13T01:10:00.000Z,102709.523,WIN,3.00%,12529.61
2025-06-14T08:10:00.000Z,SHORT,5x,104857.8,2025-06-14T20:10:00.000Z,104228.6532,WIN,3.00%,12905.50
2025-06-15T09:00:00.000Z,SHORT,5x,105002,2025-06-16T18:55:00.000Z,108152.06,LOSS,-15.00%,10969.68
2025-06-17T00:00:00.000Z,SHORT,5x,106548.6,2025-06-17T10:30:00.000Z,105909.30840000001,WIN,3.00%,11298.77
2025-06-18T18:55:00.000Z,SHORT,5x,103564,2025-06-20T17:20:00.000Z,102942.616,WIN,3.00%,11637.73
2025-06-21T18:20:00.000Z,SHORT,5x,103202.5,2025-06-21T19:00:00.000Z,102583.285,WIN,3.00%,11986.86
2025-06-21T19:20:00.000Z,SHORT,5x,102476.3,2025-06-21T21:20:00.000Z,101861.4422,WIN,3.00%,12346.47
2025-06-22T13:05:00.000Z,SHORT,5x,102515,2025-06-22T13:15:00.000Z,101899.91,WIN,3.00%,12716.86
2025-06-22T14:20:00.000Z,SHORT,5x,99586.1,2025-06-22T15:55:00.000Z,98988.5834,WIN,3.00%,13098.37
2025-06-22T19:00:00.000Z,SHORT,5x,99180,2025-06-22T20:05:00.000Z,98584.92,WIN,3.00%,13491.32
2025-06-27T04:50:00.000Z,LONG,5x,107510.2,2025-06-29T10:15:00.000Z,108155.2612,WIN,3.00%,13896.06
2025-06-29T11:50:00.000Z,LONG,5x,108389.8,2025-07-02T01:15:00.000Z,105138.106,LOSS,-15.00%,11811.65
2025-07-09T00:50:00.000Z,LONG,5x,108907.4,2025-07-09T13:05:00.000Z,109560.8444,WIN,3.00%,12166.00
2025-07-09T18:05:00.000Z,LONG,5x,109391,2025-07-09T19:20:00.000Z,110047.346,WIN,3.00%,12530.98
2025-07-10T16:00:00.000Z,LONG,5x,111314.7,2025-07-10T16:20:00.000Z,111982.5882,WIN,3.00%,12906.91
2025-07-10T17:05:00.000Z,LONG,5x,113256.8,2025-07-10T21:15:00.000Z,113936.3408,WIN,3.00%,13294.11
2025-07-10T21:40:00.000Z,LONG,5x,116273,2025-07-11T05:05:00.000Z,116970.638,WIN,3.00%,13692.94
2025-07-11T09:10:00.000Z,LONG,5x,118008,2025-07-11T09:35:00.000Z,118716.048,WIN,3.00%,14103.73
2025-07-21T12:00:00.000Z,SHORT,5x,117887.3,2025-07-21T18:45:00.000Z,117179.9762,WIN,3.00%,14526.84
2025-07-21T19:25:00.000Z,SHORT,5x,117043.5,2025-07-22T01:15:00.000Z,116341.239,WIN,3.00%,14962.64
2025-07-23T02:00:00.000Z,SHORT,5x,119251.9,2025-07-23T03:55:00.000Z,118536.38859999999,WIN,3.00%,15411.52
2025-07-23T05:50:00.000Z,SHORT,5x,118621.1,2025-07-23T09:30:00.000Z,117909.37340000001,WIN,3.00%,15873.87
2025-07-23T13:15:00.000Z,SHORT,5x,117811.9,2025-07-24T07:05:00.000Z,117105.02859999999,WIN,3.00%,16350.08
2025-07-24T22:10:00.000Z,SHORT,5x,118391.8,2025-07-25T00:35:00.000Z,117681.4492,WIN,3.00%,16840.59
2025-07-25T01:15:00.000Z,SHORT,5x,117449.4,2025-07-25T02:40:00.000Z,116744.7036,WIN,3.00%,17345.80
2025-07-25T03:00:00.000Z,SHORT,5x,116001.9,2025-07-25T03:35:00.000Z,115305.88859999999,WIN,3.00%,17866.18
2025-07-25T07:05:00.000Z,SHORT,5x,115072.8,2025-07-27T15:05:00.000Z,118524.98400000001,LOSS,-15.00%,15186.25
2025-07-29T14:35:00.000Z,SHORT,5x,118036,2025-07-29T15:40:00.000Z,117327.784,WIN,3.00%,15641.84
2025-07-29T19:00:00.000Z,SHORT,5x,117630,2025-07-30T18:45:00.000Z,116924.22,WIN,3.00%,16111.09
2025-07-31T14:20:00.000Z,SHORT,5x,118108.5,2025-07-31T18:10:00.000Z,117399.849,WIN,3.00%,16594.43
2025-07-31T19:05:00.000Z,SHORT,5x,117510,2025-07-31T19:35:00.000Z,116804.94,WIN,3.00%,17092.26
2025-08-11T00:25:00.000Z,LONG,5x,119377.7,2025-08-11T01:55:00.000Z,120093.9662,WIN,3.00%,17605.03
2025-08-11T02:50:00.000Z,LONG,5x,121800,2025-08-11T21:50:00.000Z,118146,LOSS,-15.00%,14964.27
2025-08-12T12:25:00.000Z,LONG,5x,118441.3,2025-08-12T12:30:00.000Z,119151.94780000001,WIN,3.00%,15413.20
2025-08-12T13:20:00.000Z,LONG,5x,119086.6,2025-08-12T15:30:00.000Z,119801.1196,WIN,3.00%,15875.60
2025-08-12T15:55:00.000Z,LONG,5x,119888,2025-08-13T11:05:00.000Z,120607.328,WIN,3.00%,16351.87
2025-08-13T17:00:00.000Z,LONG,5x,121526.6,2025-08-13T19:20:00.000Z,122255.7596,WIN,3.00%,16842.42
2025-08-13T19:50:00.000Z,LONG,5x,122703,2025-08-13T22:40:00.000Z,123439.218,WIN,3.00%,17347.69
2025-08-17T00:45:00.000Z,SHORT,5x,117200,2025-08-18T01:35:00.000Z,116496.8,WIN,3.00%,17868.12
2025-08-18T02:10:00.000Z,SHORT,5x,115933.3,2025-08-18T03:30:00.000Z,115237.7002,WIN,3.00%,18404.17
2025-08-18T08:00:00.000Z,SHORT,5x,115127.1,2025-08-19T04:05:00.000Z,114436.3374,WIN,3.00%,18956.29
2025-08-19T05:55:00.000Z,SHORT,5x,114926,2025-08-19T14:25:00.000Z,114236.444,WIN,3.00%,19524.98
2025-08-19T14:45:00.000Z,SHORT,5x,113788.7,2025-08-19T17:05:00.000Z,113105.9678,WIN,3.00%,20110.73
2025-08-19T23:00:00.000Z,SHORT,5x,112932.7,2025-08-21T17:00:00.000Z,112255.1038,WIN,3.00%,20714.05
2025-08-25T05:10:00.000Z,SHORT,5x,112514.7,2025-08-25T06:45:00.000Z,111839.6118,WIN,3.00%,21335.48
2025-08-25T07:30:00.000Z,SHORT,5x,111657.2,2025-08-25T08:05:00.000Z,110987.2568,WIN,3.00%,21975.54
2025-08-25T10:20:00.000Z,SHORT,5x,111289.8,2025-08-25T13:45:00.000Z,110622.0612,WIN,3.00%,22634.81
2025-08-25T20:10:00.000Z,SHORT,5x,110000.8,2025-08-25T20:30:00.000Z,109340.79520000001,WIN,3.00%,23313.85
2025-08-27T08:15:00.000Z,SHORT,5x,110616.1,2025-08-29T07:55:00.000Z,109952.40340000001,WIN,3.00%,24013.27
2025-08-30T01:15:00.000Z,SHORT,5x,108187.2,2025-08-30T01:55:00.000Z,107538.0768,WIN,3.00%,24733.66
2025-08-31T10:00:00.000Z,SHORT,5x,108436.8,2025-09-01T00:20:00.000Z,107786.1792,WIN,3.00%,25475.67
2025-09-01T02:15:00.000Z,SHORT,5x,107854.1,2025-09-02T13:50:00.000Z,111089.72300000001,LOSS,-15.00%,21654.32
2025-09-06T13:05:00.000Z,LONG,5x,110851.6,2025-09-07T23:25:00.000Z,111516.7096,WIN,3.00%,22303.95
2025-09-08T08:20:00.000Z,LONG,5x,111454.9,2025-09-08T10:45:00.000Z,112123.62939999999,WIN,3.00%,22973.07
2025-09-08T15:00:00.000Z,LONG,5x,112637.2,2025-09-10T12:30:00.000Z,113313.0232,WIN,3.00%,23662.26
2025-09-10T13:00:00.000Z,LONG,5x,113501.3,2025-09-10T13:45:00.000Z,114182.30780000001,WIN,3.00%,24372.13
2025-09-10T14:10:00.000Z,LONG,5x,113970.7,2025-09-11T13:55:00.000Z,114654.5242,WIN,3.00%,25103.29
2025-09-11T22:10:00.000Z,LONG,5x,114505.8,2025-09-11T22:45:00.000Z,115192.8348,WIN,3.00%,25856.39
2025-09-11T23:10:00.000Z,LONG,5x,115323.7,2025-09-12T00:45:00.000Z,116015.6422,WIN,3.00%,26632.09
2025-09-12T05:00:00.000Z,LONG,5x,115371.7,2025-09-12T18:15:00.000Z,116063.9302,WIN,3.00%,27431.05
2025-09-13T00:25:00.000Z,LONG,5x,116012.4,2025-09-15T06:05:00.000Z,116708.47439999999,WIN,3.00%,28253.98
2025-09-17T06:00:00.000Z,LONG,5x,117100,2025-09-18T03:40:00.000Z,117802.6,WIN,3.00%,29101.60
2025-09-18T14:00:00.000Z,LONG,5x,117480.6,2025-09-22T05:55:00.000Z,113956.182,LOSS,-15.00%,24736.36
2025-09-23T18:00:00.000Z,SHORT,5x,111934.9,2025-09-24T04:10:00.000Z,111263.2906,WIN,3.00%,25478.45
2025-09-25T00:25:00.000Z,SHORT,5x,113075.2,2025-09-25T01:50:00.000Z,112396.7488,WIN,3.00%,26242.80
2025-09-25T05:00:00.000Z,SHORT,5x,111673.3,2025-09-25T12:30:00.000Z,111003.2602,WIN,3.00%,27030.09
2025-09-25T12:50:00.000Z,SHORT,5x,111239,2025-09-25T13:40:00.000Z,110571.566,WIN,3.00%,27840.99
2025-09-25T17:30:00.000Z,SHORT,5x,109659.8,2025-09-25T17:55:00.000Z,109001.8412,WIN,3.00%,28676.22
2025-10-01T01:00:00.000Z,LONG,5x,114193.5,2025-10-01T08:20:00.000Z,114878.66100000001,WIN,3.00%,29536.51
2025-10-01T08:35:00.000Z,LONG,5x,115311.4,2025-10-01T08:45:00.000Z,116003.2684,WIN,3.00%,30422.60
2025-10-01T09:15:00.000Z,LONG,5x,116199.4,2025-10-01T14:00:00.000Z,116896.5964,WIN,3.00%,31335.28
2025-10-01T15:25:00.000Z,LONG,5x,117457.3,2025-10-01T16:35:00.000Z,118162.0438,WIN,3.00%,32275.34
2025-10-01T20:50:00.000Z,LONG,5x,117484.5,2025-10-01T23:15:00.000Z,118189.407,WIN,3.00%,33243.60
2025-10-01T23:45:00.000Z,LONG,5x,118342.8,2025-10-02T00:00:00.000Z,119052.85680000001,WIN,3.00%,34240.91
2025-10-02T03:00:00.000Z,LONG,5x,118777,2025-10-02T13:40:00.000Z,119489.662,WIN,3.00%,35268.13
2025-10-02T18:00:00.000Z,LONG,5x,120078.4,2025-10-02T19:05:00.000Z,120798.8704,WIN,3.00%,36326.18
2025-10-03T15:15:00.000Z,LONG,5x,121228.9,2025-10-03T15:50:00.000Z,121956.27339999999,WIN,3.00%,37415.96
2025-10-03T16:30:00.000Z,LONG,5x,123723.7,2025-10-05T04:45:00.000Z,124466.0422,WIN,3.00%,38538.44
2025-10-10T15:00:00.000Z,SHORT,5x,119972.9,2025-10-10T15:25:00.000Z,119253.06259999999,WIN,3.00%,39694.59
2025-10-10T15:55:00.000Z,SHORT,5x,118965.3,2025-10-10T16:55:00.000Z,118251.5082,WIN,3.00%,40885.43
2025-10-11T01:05:00.000Z,SHORT,5x,112107.3,2025-10-11T01:20:00.000Z,111434.6562,WIN,3.00%,42112.00
2025-10-11T01:45:00.000Z,SHORT,5x,111251.8,2025-10-11T07:35:00.000Z,110584.2892,WIN,3.00%,43375.36
2025-10-11T07:45:00.000Z,SHORT,5x,110334.8,2025-10-11T20:55:00.000Z,109672.7912,WIN,3.00%,44676.62
2025-10-13T09:00:00.000Z,SHORT,5x,115133,2025-10-13T11:00:00.000Z,114442.202,WIN,3.00%,46016.91
2025-10-13T11:20:00.000Z,SHORT,5x,114077.2,2025-10-14T03:00:00.000Z,113392.7368,WIN,3.00%,47397.42
2025-10-15T11:15:00.000Z,SHORT,5x,111804.3,2025-10-15T13:30:00.000Z,111133.4742,WIN,3.00%,48819.34
2025-10-15T13:45:00.000Z,SHORT,5x,110984.1,2025-10-15T17:05:00.000Z,110318.19540000001,WIN,3.00%,50283.92
2025-10-15T21:00:00.000Z,SHORT,5x,110987.1,2025-10-16T00:35:00.000Z,110321.1774,WIN,3.00%,51792.44
2025-10-16T15:25:00.000Z,SHORT,5x,109989.9,2025-10-16T15:40:00.000Z,109329.96059999999,WIN,3.00%,53346.22
2025-10-16T16:20:00.000Z,SHORT,5x,107990.1,2025-10-17T06:35:00.000Z,107342.1594,WIN,3.00%,54946.60
2025-10-17T07:05:00.000Z,SHORT,5x,106257.3,2025-10-17T07:55:00.000Z,105619.7562,WIN,3.00%,56595.00
2025-10-26T09:20:00.000Z,LONG,5x,112304.8,2025-10-26T11:40:00.000Z,112978.6288,WIN,3.00%,58292.85
2025-10-26T23:00:00.000Z,LONG,5x,114751.4,2025-10-27T05:05:00.000Z,115439.9084,WIN,3.00%,60041.64
2025-10-27T05:50:00.000Z,LONG,5x,115550,2025-10-27T07:05:00.000Z,116243.3,WIN,3.00%,61842.88
2025-11-02T04:00:00.000Z,LONG,5x,109986.7,2025-11-02T04:55:00.000Z,110646.6202,WIN,3.00%,63698.17
2025-11-02T06:45:00.000Z,LONG,5x,110630.8,2025-11-03T06:10:00.000Z,107311.876,LOSS,-15.00%,54143.45
2025-11-03T15:05:00.000Z,SHORT,5x,107636.7,2025-11-03T15:25:00.000Z,106990.8798,WIN,3.00%,55767.75
2025-11-03T15:50:00.000Z,SHORT,5x,105668.5,2025-11-04T05:40:00.000Z,105034.489,WIN,3.00%,57440.78
2025-11-04T08:10:00.000Z,SHORT,5x,103832.7,2025-11-04T14:35:00.000Z,103209.7038,WIN,3.00%,59164.00
2025-11-04T15:45:00.000Z,SHORT,5x,103695.7,2025-11-04T16:05:00.000Z,103073.5258,WIN,3.00%,60938.93
2025-11-04T16:15:00.000Z,SHORT,5x,102855.3,2025-11-04T16:50:00.000Z,102238.1682,WIN,3.00%,62767.09
2025-11-04T17:45:00.000Z,SHORT,5x,101225.7,2025-11-04T18:00:00.000Z,100618.3458,WIN,3.00%,64650.11
2025-11-04T19:55:00.000Z,SHORT,5x,100507,2025-11-04T20:15:00.000Z,99903.958,WIN,3.00%,66589.61
2025-11-04T21:20:00.000Z,SHORT,5x,99968.7,2025-11-04T21:30:00.000Z,99368.8878,WIN,3.00%,68587.30
2025-11-06T07:15:00.000Z,SHORT,5x,102898.1,2025-11-06T14:40:00.000Z,102280.7114,WIN,3.00%,70644.92
2025-11-06T14:55:00.000Z,SHORT,5x,102083.1,2025-11-06T16:30:00.000Z,101470.6014,WIN,3.00%,72764.26
2025-11-06T21:05:00.000Z,SHORT,5x,100782.7,2025-11-07T11:10:00.000Z,100178.00379999999,WIN,3.00%,74947.19
2025-11-13T15:30:00.000Z,SHORT,5x,101816.5,2025-11-13T15:50:00.000Z,101205.601,WIN,3.00%,77195.61
2025-11-13T16:20:00.000Z,SHORT,5x,100825.7,2025-11-13T17:25:00.000Z,100220.74579999999,WIN,3.00%,79511.48
2025-11-14T05:10:00.000Z,SHORT,5x,97436.9,2025-11-14T06:20:00.000Z,96852.27859999999,WIN,3.00%,81896.82
2025-11-14T06:35:00.000Z,SHORT,5x,96742,2025-11-14T06:45:00.000Z,96161.548,WIN,3.00%,84353.72
2025-11-14T08:10:00.000Z,SHORT,5x,96864.5,2025-11-14T11:30:00.000Z,96283.313,WIN,3.00%,86884.34
2025-11-14T12:10:00.000Z,SHORT,5x,95581.6,2025-11-14T12:35:00.000Z,95008.1104,WIN,3.00%,89490.87
2025-11-14T13:15:00.000Z,SHORT,5x,94925,2025-11-14T20:40:00.000Z,94355.45,WIN,3.00%,92175.59
2025-11-16T01:00:00.000Z,SHORT,5x,95169.9,2025-11-16T15:50:00.000Z,94598.88059999999,WIN,3.00%,94940.86
2025-11-16T16:15:00.000Z,SHORT,5x,94443.1,2025-11-16T17:40:00.000Z,93876.44140000001,WIN,3.00%,97789.09
2025-11-16T18:45:00.000Z,SHORT,5x,93856.9,2025-11-16T21:40:00.000Z,93293.75859999999,WIN,3.00%,100722.76
2025-11-17T13:00:00.000Z,SHORT,5x,95159.5,2025-11-17T13:25:00.000Z,94588.543,WIN,3.00%,103744.44
2025-11-17T15:15:00.000Z,SHORT,5x,93849.3,2025-11-17T16:05:00.000Z,93286.20420000001,WIN,3.00%,106856.77
2025-11-17T17:35:00.000Z,SHORT,5x,93208.4,2025-11-17T17:45:00.000Z,92649.14959999999,WIN,3.00%,110062.48
2025-11-17T18:20:00.000Z,SHORT,5x,92582,2025-11-17T19:30:00.000Z,92026.508,WIN,3.00%,113364.35
2025-11-17T19:40:00.000Z,SHORT,5x,91838.4,2025-11-17T20:00:00.000Z,91287.36959999999,WIN,3.00%,116765.28
2025-11-18T01:25:00.000Z,SHORT,5x,91755.5,2025-11-18T02:10:00.000Z,91204.967,WIN,3.00%,120268.24
2025-11-18T02:40:00.000Z,SHORT,5x,91299,2025-11-18T02:55:00.000Z,90751.206,WIN,3.00%,123876.29
2025-11-18T04:20:00.000Z,SHORT,5x,89971,2025-11-18T04:45:00.000Z,89431.174,WIN,3.00%,127592.58
2025-11-19T04:15:00.000Z,SHORT,5x,91678.5,2025-11-19T04:55:00.000Z,91128.429,WIN,3.00%,131420.35
2025-11-19T05:30:00.000Z,SHORT,5x,90606.2,2025-11-19T05:45:00.000Z,90062.5628,WIN,3.00%,135362.96
2025-11-19T11:00:00.000Z,SHORT,5x,91287.8,2025-11-19T15:30:00.000Z,90740.0732,WIN,3.00%,139423.85
2025-11-19T15:55:00.000Z,SHORT,5x,89901,2025-11-19T17:10:00.000Z,89361.594,WIN,3.00%,143606.57
2025-11-19T19:35:00.000Z,SHORT,5x,88695.8,2025-11-19T23:15:00.000Z,91356.674,LOSS,-15.00%,122065.58
2025-11-20T13:00:00.000Z,SHORT,5x,91694.2,2025-11-20T14:00:00.000Z,91144.0348,WIN,3.00%,125727.55
2025-11-20T14:35:00.000Z,SHORT,5x,91150.9,2025-11-20T15:05:00.000Z,90603.99459999999,WIN,3.00%,129499.38
2025-11-20T15:30:00.000Z,SHORT,5x,90271.7,2025-11-20T16:00:00.000Z,89730.0698,WIN,3.00%,133384.36
2025-11-20T16:35:00.000Z,SHORT,5x,88475.3,2025-11-20T16:45:00.000Z,87944.4482,WIN,3.00%,137385.89
2025-11-21T02:00:00.000Z,SHORT,5x,86905.3,2025-11-21T02:10:00.000Z,86383.8682,WIN,3.00%,141507.47
2025-11-21T02:35:00.000Z,SHORT,5x,86323.7,2025-11-21T02:40:00.000Z,85805.75779999999,WIN,3.00%,145752.69
2025-11-21T02:55:00.000Z,SHORT,5x,85396.4,2025-11-21T07:30:00.000Z,84884.0216,WIN,3.00%,150125.27
2025-11-21T07:55:00.000Z,SHORT,5x,84006.7,2025-11-21T09:20:00.000Z,83502.6598,WIN,3.00%,154629.03
2025-11-21T11:50:00.000Z,SHORT,5x,82233.1,2025-11-21T12:20:00.000Z,81739.7014,WIN,3.00%,159267.90
2025-11-27T00:50:00.000Z,LONG,5x,90443.5,2025-11-27T01:55:00.000Z,90986.16100000001,WIN,3.00%,164045.94
2025-11-27T02:20:00.000Z,LONG,5x,91099.9,2025-11-27T02:40:00.000Z,91646.4994,WIN,3.00%,168967.32
2025-11-27T09:00:00.000Z,LONG,5x,91459,2025-11-28T13:45:00.000Z,92007.754,WIN,3.00%,174036.33
2025-11-28T14:25:00.000Z,LONG,5x,92916.3,2025-11-29T18:10:00.000Z,90128.811,LOSS,-15.00%,147930.88
2025-11-29T20:30:00.000Z,LONG,5x,90680.7,2025-11-30T08:20:00.000Z,91224.7842,WIN,3.00%,152368.81
2025-12-03T06:00:00.000Z,LONG,5x,93753.5,2025-12-04T19:20:00.000Z,90940.895,LOSS,-15.00%,129513.49
2025-12-09T11:00:00.000Z,LONG,5x,90283.6,2025-12-09T15:00:00.000Z,90825.3016,WIN,3.00%,133398.89
2025-12-09T16:00:00.000Z,LONG,5x,93030.8,2025-12-09T16:15:00.000Z,93588.9848,WIN,3.00%,137400.86
2025-12-09T16:40:00.000Z,LONG,5x,94203.6,2025-12-11T00:35:00.000Z,91377.492,LOSS,-15.00%,116790.73
2025-12-11T18:00:00.000Z,LONG,5x,90154.4,2025-12-11T18:40:00.000Z,90695.32639999999,WIN,3.00%,120294.45
2025-12-11T19:20:00.000Z,LONG,5x,91091.8,2025-12-11T20:50:00.000Z,91638.3508,WIN,3.00%,123903.29
2025-12-17T04:15:00.000Z,SHORT,5x,87093.1,2025-12-17T05:00:00.000Z,86570.5414,WIN,3.00%,127620.39
2025-12-17T05:20:00.000Z,SHORT,5x,86310.5,2025-12-17T14:50:00.000Z,88899.815,LOSS,-15.00%,108477.33
2025-12-17T17:10:00.000Z,SHORT,5x,86616.1,2025-12-17T18:40:00.000Z,86096.40340000001,WIN,3.00%,111731.65
2025-12-17T19:05:00.000Z,SHORT,5x,85339.6,2025-12-18T13:10:00.000Z,87899.78800000002,LOSS,-15.00%,94971.90
2025-12-18T19:00:00.000Z,SHORT,5x,85471.3,2025-12-18T19:40:00.000Z,84958.4722,WIN,3.00%,97821.06
2025-12-21T09:40:00.000Z,LONG,5x,88807.7,2025-12-22T00:10:00.000Z,89340.5462,WIN,3.00%,100755.69
2025-12-22T00:40:00.000Z,LONG,5x,89096,2025-12-22T08:20:00.000Z,89630.576,WIN,3.00%,103778.36
2025-12-22T09:30:00.000Z,LONG,5x,89686,2025-12-22T12:20:00.000Z,90224.116,WIN,3.00%,106891.71
2025-12-26T02:05:00.000Z,LONG,5x,87564.6,2025-12-26T02:10:00.000Z,88089.98760000001,WIN,3.00%,110098.46
2025-12-26T02:40:00.000Z,LONG,5x,89189.9,2025-12-29T03:30:00.000Z,89725.0394,WIN,3.00%,113401.42
2025-12-30T06:10:00.000Z,LONG,5x,87299.9,2025-12-30T08:10:00.000Z,87823.6994,WIN,3.00%,116803.46
2025-12-30T08:45:00.000Z,LONG,5x,87947.9,2025-12-30T14:50:00.000Z,88475.58739999999,WIN,3.00%,120307.56
2025-12-30T15:25:00.000Z,LONG,5x,88433,2025-12-30T15:50:00.000Z,88963.598,WIN,3.00%,123916.79
2025-12-30T23:00:00.000Z,LONG,5x,88360,2025-12-31T11:10:00.000Z,88890.16,WIN,3.00%,127634.29
2026-01-01T09:00:00.000Z,LONG,5x,87747.8,2026-01-01T17:30:00.000Z,88274.2868,WIN,3.00%,131463.32
2026-01-01T22:00:00.000Z,LONG,5x,88411.5,2026-01-02T03:10:00.000Z,88941.969,WIN,3.00%,135407.22
2026-01-02T08:10:00.000Z,LONG,5x,89040.6,2026-01-02T10:05:00.000Z,89574.84360000001,WIN,3.00%,139469.44
2026-01-02T10:45:00.000Z,LONG,5x,89701.1,2026-01-02T16:30:00.000Z,90239.30660000001,WIN,3.00%,143653.52
2026-01-02T17:00:00.000Z,LONG,5x,90617.5,2026-01-04T00:05:00.000Z,91161.205,WIN,3.00%,147963.13
2026-01-12T00:00:00.000Z,LONG,5x,90877.1,2026-01-12T01:00:00.000Z,91422.36260000001,WIN,3.00%,152402.02
2026-01-12T02:10:00.000Z,LONG,5x,91696.1,2026-01-12T02:50:00.000Z,92246.27660000001,WIN,3.00%,156974.08
2026-01-12T03:10:00.000Z,LONG,5x,92389.9,2026-01-13T15:35:00.000Z,92944.23939999999,WIN,3.00%,161683.30
2026-01-13T16:30:00.000Z,LONG,5x,93491.4,2026-01-13T19:30:00.000Z,94052.34839999999,WIN,3.00%,166533.80
2026-01-13T19:55:00.000Z,LONG,5x,94179.5,2026-01-13T22:10:00.000Z,94744.577,WIN,3.00%,171529.82
2026-01-14T15:20:00.000Z,LONG,5x,96816.7,2026-01-14T16:10:00.000Z,97397.6002,WIN,3.00%,176675.71
2026-01-14T16:35:00.000Z,LONG,5x,97410.2,2026-01-16T15:30:00.000Z,94487.894,LOSS,-15.00%,150174.35
2026-01-20T04:10:00.000Z,SHORT,5x,92273.1,2026-01-20T05:00:00.000Z,91719.4614,WIN,3.00%,154679.59
2026-01-20T06:15:00.000Z,SHORT,5x,90878.7,2026-01-20T14:45:00.000Z,90333.42779999999,WIN,3.00%,159319.97
2026-01-20T16:40:00.000Z,SHORT,5x,90090,2026-01-20T17:45:00.000Z,89549.46,WIN,3.00%,164099.57
2026-01-20T18:35:00.000Z,SHORT,5x,89556.4,2026-01-20T22:30:00.000Z,89019.0616,WIN,3.00%,169022.56
2026-01-20T23:00:00.000Z,SHORT,5x,88118.5,2026-01-21T16:55:00.000Z,87589.789,WIN,3.00%,174093.24
2026-01-25T00:00:00.000Z,SHORT,5x,89204.3,2026-01-25T06:10:00.000Z,88669.0742,WIN,3.00%,179316.03
2026-01-25T07:10:00.000Z,SHORT,5x,88690.5,2026-01-25T08:40:00.000Z,88158.357,WIN,3.00%,184695.51
2026-01-25T15:20:00.000Z,SHORT,5x,88606.4,2026-01-25T16:00:00.000Z,88074.7616,WIN,3.00%,190236.38
2026-01-25T16:10:00.000Z,SHORT,5x,87865.2,2026-01-25T18:30:00.000Z,87338.0088,WIN,3.00%,195943.47
2026-01-25T19:10:00.000Z,SHORT,5x,87243.3,2026-01-25T19:20:00.000Z,86719.8402,WIN,3.00%,201821.77
2026-01-25T19:55:00.000Z,SHORT,5x,86459.4,2026-01-27T20:20:00.000Z,89053.182,LOSS,-15.00%,171548.51
2026-01-29T00:00:00.000Z,SHORT,5x,89105,2026-01-29T01:25:00.000Z,88570.37,WIN,3.00%,176694.96
2026-01-29T01:50:00.000Z,SHORT,5x,88518.1,2026-01-29T02:45:00.000Z,87986.9914,WIN,3.00%,181995.81
2026-01-29T09:10:00.000Z,SHORT,5x,87961.2,2026-01-29T14:50:00.000Z,87433.4328,WIN,3.00%,187455.69
2026-01-29T15:00:00.000Z,SHORT,5x,86502,2026-01-29T15:10:00.000Z,85982.988,WIN,3.00%,193079.36
2026-01-29T15:35:00.000Z,SHORT,5x,85060.1,2026-01-29T15:40:00.000Z,84549.7394,WIN,3.00%,198871.74
2026-01-29T17:55:00.000Z,SHORT,5x,84225,2026-01-29T18:25:00.000Z,83719.65,WIN,3.00%,204837.89
2026-01-30T01:00:00.000Z,SHORT,5x,84048.1,2026-01-30T01:20:00.000Z,83543.8114,WIN,3.00%,210983.03
2026-01-30T02:10:00.000Z,SHORT,5x,81874.4,2026-01-30T02:20:00.000Z,81383.15359999999,WIN,3.00%,217312.52
2026-01-31T12:35:00.000Z,SHORT,5x,82868.1,2026-01-31T14:10:00.000Z,82370.89140000001,WIN,3.00%,223831.89
2026-02-01T21:00:00.000Z,SHORT,5x,76832.3,2026-02-01T21:55:00.000Z,76371.3062,WIN,3.00%,230546.85
2026-02-05T02:00:00.000Z,SHORT,5x,72161.1,2026-02-05T02:15:00.000Z,71728.1334,WIN,3.00%,237463.26
2026-02-05T02:45:00.000Z,SHORT,5x,71866.6,2026-02-05T02:55:00.000Z,71435.4004,WIN,3.00%,244587.15
2026-02-05T03:20:00.000Z,SHORT,5x,71564.8,2026-02-05T03:50:00.000Z,71135.4112,WIN,3.00%,251924.77
2026-02-05T04:00:00.000Z,SHORT,5x,71050,2026-02-05T05:05:00.000Z,70623.7,WIN,3.00%,259482.51
2026-02-05T05:20:00.000Z,SHORT,5x,70274.3,2026-02-05T12:10:00.000Z,69852.6542,WIN,3.00%,267266.99
2026-02-05T12:45:00.000Z,SHORT,5x,69439.5,2026-02-05T15:00:00.000Z,69022.863,WIN,3.00%,275285.00
2026-02-05T15:30:00.000Z,SHORT,5x,66933.6,2026-02-05T17:20:00.000Z,66531.99840000001,WIN,3.00%,283543.55
2026-02-05T19:50:00.000Z,SHORT,5x,65291.9,2026-02-05T20:15:00.000Z,64900.1486,WIN,3.00%,292049.85
2026-02-05T21:15:00.000Z,SHORT,5x,62924,2026-02-05T23:05:00.000Z,64811.72,LOSS,-15.00%,248242.37
2026-02-15T07:15:00.000Z,LONG,5x,70753.1,2026-02-15T17:45:00.000Z,68630.507,LOSS,-15.00%,211006.02
2026-02-16T08:00:00.000Z,LONG,5x,68594.2,2026-02-16T09:35:00.000Z,69005.7652,WIN,3.00%,217336.20
2026-02-16T21:00:00.000Z,LONG,5x,68429.1,2026-02-16T21:55:00.000Z,68839.67460000001,WIN,3.00%,223856.28
2026-02-16T23:50:00.000Z,LONG,5x,68956.3,2026-02-17T14:45:00.000Z,66887.611,LOSS,-15.00%,190277.84
2026-02-21T01:35:00.000Z,LONG,5x,67962,2026-02-21T14:20:00.000Z,68369.772,WIN,3.00%,195986.18
2026-02-21T15:15:00.000Z,LONG,5x,68513.9,2026-02-23T01:00:00.000Z,66458.483,LOSS,-15.00%,166588.25
2026-02-28T00:10:00.000Z,LONG,5x,65969.4,2026-02-28T06:35:00.000Z,63990.31799999999,LOSS,-15.00%,141600.01
2026-02-28T13:10:00.000Z,LONG,5x,64040,2026-02-28T13:45:00.000Z,64424.24,WIN,3.00%,145848.01
2026-02-28T14:35:00.000Z,LONG,5x,65091.3,2026-02-28T17:55:00.000Z,65481.8478,WIN,3.00%,150223.45
2026-02-28T18:35:00.000Z,LONG,5x,65688,2026-02-28T18:55:00.000Z,66082.128,WIN,3.00%,154730.16
2026-02-28T19:30:00.000Z,LONG,5x,66252.1,2026-02-28T20:15:00.000Z,66649.61260000001,WIN,3.00%,159372.06
2026-03-02T03:15:00.000Z,LONG,5x,66591.1,2026-03-02T03:35:00.000Z,66990.64660000001,WIN,3.00%,164153.22
2026-03-02T03:45:00.000Z,LONG,5x,66859.5,2026-03-02T15:00:00.000Z,67260.657,WIN,3.00%,169077.82
2026-03-02T15:35:00.000Z,LONG,5x,69409.7,2026-03-02T16:40:00.000Z,69826.15819999999,WIN,3.00%,174150.16
2026-03-02T21:10:00.000Z,LONG,5x,69234.2,2026-03-03T08:45:00.000Z,67157.174,LOSS,-15.00%,148027.63
2026-03-03T18:25:00.000Z,LONG,5x,68428.4,2026-03-03T18:35:00.000Z,68838.97039999999,WIN,3.00%,152468.46
2026-03-04T01:05:00.000Z,LONG,5x,68202.8,2026-03-04T01:35:00.000Z,68612.0168,WIN,3.00%,157042.52
2026-03-04T06:30:00.000Z,LONG,5x,68468.1,2026-03-04T07:40:00.000Z,68878.90860000001,WIN,3.00%,161753.79
2026-03-04T08:35:00.000Z,LONG,5x,69499.9,2026-03-04T08:45:00.000Z,69916.8994,WIN,3.00%,166606.40
2026-03-04T09:15:00.000Z,LONG,5x,71159.6,2026-03-04T09:35:00.000Z,71586.5576,WIN,3.00%,171604.60
2026-03-04T14:05:00.000Z,LONG,5x,71525.7,2026-03-04T14:15:00.000Z,71954.8542,WIN,3.00%,176752.73
2026-03-04T14:30:00.000Z,LONG,5x,72397.9,2026-03-04T15:25:00.000Z,72832.2874,WIN,3.00%,182055.32
2026-03-04T15:45:00.000Z,LONG,5x,72804.8,2026-03-04T15:55:00.000Z,73241.6288,WIN,3.00%,187516.98
2026-03-04T17:10:00.000Z,LONG,5x,73492.1,2026-03-04T19:10:00.000Z,73933.05260000001,WIN,3.00%,193142.49
2026-03-10T01:50:00.000Z,LONG,5x,69219.9,2026-03-10T02:30:00.000Z,69635.2194,WIN,3.00%,198936.76
2026-03-10T03:20:00.000Z,LONG,5x,70164.4,2026-03-10T08:05:00.000Z,70585.38639999999,WIN,3.00%,204904.86
2026-03-10T08:35:00.000Z,LONG,5x,70909.9,2026-03-10T14:55:00.000Z,71335.3594,WIN,3.00%,211052.01
2026-03-10T16:20:00.000Z,LONG,5x,71480.1,2026-03-11T05:40:00.000Z,69335.697,LOSS,-15.00%,179394.21
2026-03-11T14:25:00.000Z,LONG,5x,70612.9,2026-03-11T17:20:00.000Z,71036.5774,WIN,3.00%,184776.03
2026-03-11T19:40:00.000Z,LONG,5x,70637,2026-03-13T00:10:00.000Z,71060.822,WIN,3.00%,190319.31
2026-03-13T01:00:00.000Z,LONG,5x,71498.8,2026-03-13T08:35:00.000Z,71927.79280000001,WIN,3.00%,196028.89
2026-03-13T09:45:00.000Z,LONG,5x,71944.9,2026-03-13T10:15:00.000Z,72376.5694,WIN,3.00%,201909.76
2026-03-13T10:40:00.000Z,LONG,5x,72457.2,2026-03-13T13:15:00.000Z,72891.9432,WIN,3.00%,207967.05
2026-03-13T13:45:00.000Z,LONG,5x,73284.3,2026-03-13T14:20:00.000Z,73724.0058,WIN,3.00%,214206.06
2026-03-14T18:30:00.000Z,LONG,5x,70634.4,2026-03-14T23:05:00.000Z,71058.2064,WIN,3.00%,220632.25
2026-03-15T04:10:00.000Z,LONG,5x,71551.6,2026-03-15T21:35:00.000Z,71980.9096,WIN,3.00%,227251.21
2026-03-15T22:00:00.000Z,LONG,5x,72192.3,2026-03-15T22:50:00.000Z,72625.4538,WIN,3.00%,234068.75
2026-03-16T03:15:00.000Z,LONG,5x,72567.7,2026-03-16T03:30:00.000Z,73003.1062,WIN,3.00%,241090.81
2026-03-16T04:15:00.000Z,LONG,5x,73778,2026-03-16T04:50:00.000Z,74220.668,WIN,3.00%,248323.54
2026-03-16T12:20:00.000Z,LONG,5x,73726.8,2026-03-16T13:30:00.000Z,74169.1608,WIN,3.00%,255773.24
2026-03-16T22:05:00.000Z,LONG,5x,74839.6,2026-03-17T00:10:00.000Z,75288.6376,WIN,3.00%,263446.44
2026-03-17T00:55:00.000Z,LONG,5x,75283.9,2026-03-17T01:10:00.000Z,75735.60339999999,WIN,3.00%,271349.83
2026-03-17T19:10:00.000Z,LONG,5x,74695.5,2026-03-18T12:30:00.000Z,72454.635,LOSS,-15.00%,230647.36
2026-03-22T00:00:00.000Z,SHORT,5x,68408,2026-03-22T21:05:00.000Z,67997.552,WIN,3.00%,237566.78
2026-03-23T01:00:00.000Z,SHORT,5x,67660.1,2026-03-23T11:05:00.000Z,69689.903,LOSS,-15.00%,201931.76
