Time,Signal,Price
2025-01-01T01:25:00.000Z,SHORT,93800
2025-01-01T03:20:00.000Z,SHORT,93808.9
2025-01-01T13:10:00.000Z,SHORT,93627.1
2025-01-03T02:55:00.000Z,SHORT,96938
2025-01-03T10:50:00.000Z,SHORT,96416.2
2025-01-03T12:35:00.000Z,SHORT,96753.7
2025-01-04T03:30:00.000Z,SHORT,98059.5
2025-01-04T04:00:00.000Z,SHORT,97914.1
2025-01-04T06:10:00.000Z,SHORT,98026
2025-01-04T08:15:00.000Z,SHORT,98158.5
2025-01-04T13:15:00.000Z,SHORT,97783.9
2025-01-04T14:15:00.000Z,SHORT,97808.8
2025-01-04T15:10:00.000Z,SHORT,97946.8
2025-01-04T15:25:00.000Z,SHORT,97783.6
2025-01-04T18:45:00.000Z,SHORT,97890
2025-01-04T19:45:00.000Z,SHORT,98073.4
2025-01-04T19:55:00.000Z,SHORT,98120.3
2025-01-05T00:10:00.000Z,LONG,98240.5
2025-01-06T01:40:00.000Z,LONG,98232.4
2025-01-06T08:05:00.000Z,LONG,99452.8
2025-01-06T08:25:00.000Z,LONG,99350
2025-01-06T10:30:00.000Z,LONG,98904.3
2025-01-06T11:05:00.000Z,LONG,98920.6
2025-01-06T22:25:00.000Z,LONG,101897.6
2025-01-08T10:25:00.000Z,LONG,95839
2025-01-08T13:00:00.000Z,LONG,95495.9
2025-01-08T15:55:00.000Z,LONG,95450
2025-01-08T17:55:00.000Z,LONG,93974.8
2025-01-08T21:00:00.000Z,LONG,94076.3
2025-01-08T21:20:00.000Z,LONG,94103.4
2025-01-09T11:45:00.000Z,SHORT,93391.9
2025-01-11T06:50:00.000Z,SHORT,94200
2025-01-11T12:00:00.000Z,SHORT,94539.2
2025-01-12T12:50:00.000Z,SHORT,94340
2025-01-13T01:10:00.000Z,SHORT,95029.8
2025-01-13T05:00:00.000Z,SHORT,94330.7
2025-01-13T16:00:00.000Z,SHORT,92042.1
2025-01-13T17:40:00.000Z,SHORT,91681.5
2025-01-13T18:20:00.000Z,SHORT,91594.6
2025-01-13T18:30:00.000Z,SHORT,91980.1
2025-01-13T18:40:00.000Z,SHORT,91775.3
2025-01-14T20:00:00.000Z,SHORT,96196.1
2025-01-14T20:15:00.000Z,SHORT,96668
2025-01-14T23:25:00.000Z,SHORT,96480.1
2025-01-15T18:25:00.000Z,LONG,99027.2
2025-01-16T23:00:00.000Z,LONG,99791.5
2025-01-17T22:35:00.000Z,LONG,104563.3
2025-01-19T05:45:00.000Z,LONG,104852
2025-01-19T09:35:00.000Z,LONG,104614.8
2025-01-20T13:05:00.000Z,LONG,107021.3
2025-01-20T16:35:00.000Z,LONG,106089.6
2025-01-21T15:40:00.000Z,LONG,103788.2
2025-01-21T21:40:00.000Z,LONG,106469.7
2025-01-21T23:45:00.000Z,LONG,105881.5
2025-01-22T02:10:00.000Z,LONG,105847.2
2025-01-22T03:15:00.000Z,LONG,105889.6
2025-01-23T20:15:00.000Z,LONG,104641.3
2025-01-23T20:45:00.000Z,LONG,103837.1
2025-01-23T21:55:00.000Z,LONG,103025.2
2025-01-24T14:25:00.000Z,LONG,105221.4
2025-01-24T14:35:00.000Z,LONG,105349.1
2025-01-25T17:30:00.000Z,LONG,104693
2025-01-25T17:45:00.000Z,LONG,104770.3
2025-01-26T03:00:00.000Z,LONG,104734.8
2025-01-26T07:45:00.000Z,LONG,104988
2025-01-27T17:45:00.000Z,LONG,99580.8
2025-01-27T18:00:00.000Z,LONG,99376.7
2025-01-28T16:00:00.000Z,SHORT,102601.2
2025-01-28T18:40:00.000Z,SHORT,102499.2
2025-01-29T01:25:00.000Z,SHORT,101627.5
2025-01-29T02:25:00.000Z,SHORT,101809.9
2025-01-29T03:50:00.000Z,SHORT,101883.2
2025-01-29T04:00:00.000Z,SHORT,101957.7
2025-01-29T04:15:00.000Z,SHORT,101988
2025-01-29T04:40:00.000Z,SHORT,101972.1
2025-01-30T15:50:00.000Z,SHORT,105624.8
2025-01-30T20:30:00.000Z,SHORT,105429.9
2025-01-31T07:35:00.000Z,SHORT,104331.3
2025-01-31T12:00:00.000Z,SHORT,104566.7
2025-01-31T12:25:00.000Z,SHORT,104665.9
2025-01-31T13:30:00.000Z,SHORT,104624.4
2025-02-01T01:55:00.000Z,SHORT,102521.2
2025-02-01T06:15:00.000Z,SHORT,102346
2025-02-02T01:45:00.000Z,SHORT,101226
2025-02-02T06:55:00.000Z,SHORT,100227.7
2025-02-02T15:05:00.000Z,SHORT,99055
2025-02-02T16:10:00.000Z,SHORT,98949.1
2025-02-02T20:35:00.000Z,SHORT,97864
2025-02-03T06:55:00.000Z,SHORT,93872.7
2025-02-04T11:50:00.000Z,SHORT,99032.7
2025-02-04T12:45:00.000Z,SHORT,99226.9
2025-02-04T15:10:00.000Z,SHORT,99160
2025-02-04T16:40:00.000Z,SHORT,99259.2
2025-02-04T19:50:00.000Z,SHORT,98963.7
2025-02-05T01:25:00.000Z,SHORT,98180.5
2025-02-05T04:25:00.000Z,SHORT,97880.9
2025-02-05T04:55:00.000Z,SHORT,98000
2025-02-05T20:40:00.000Z,SHORT,96858.2
2025-02-06T02:35:00.000Z,SHORT,97140.5
2025-02-06T21:25:00.000Z,SHORT,96489.1
2025-02-06T22:00:00.000Z,SHORT,96514.9
2025-02-06T23:25:00.000Z,SHORT,96571.7
2025-02-07T00:40:00.000Z,SHORT,96461
2025-02-07T01:05:00.000Z,SHORT,96728.8
2025-02-08T01:00:00.000Z,SHORT,96643.9
2025-02-08T03:20:00.000Z,SHORT,96533.6
2025-02-08T10:45:00.000Z,SHORT,96050
2025-02-09T16:30:00.000Z,SHORT,96421.9
2025-02-09T21:10:00.000Z,SHORT,96200
2025-02-10T01:00:00.000Z,SHORT,96556.2
2025-02-10T19:35:00.000Z,SHORT,97373.8
2025-02-11T22:30:00.000Z,SHORT,96050.7
2025-02-12T01:20:00.000Z,SHORT,95803
2025-02-12T02:15:00.000Z,SHORT,95967.8
2025-02-13T10:35:00.000Z,SHORT,96123.2
2025-02-13T10:50:00.000Z,SHORT,96142.5
2025-02-13T11:05:00.000Z,SHORT,96199.9
2025-02-13T11:20:00.000Z,SHORT,96180.4
2025-02-13T16:00:00.000Z,SHORT,95700
2025-02-13T19:30:00.000Z,SHORT,95679.9
2025-02-15T03:00:00.000Z,SHORT,97790
2025-02-15T03:20:00.000Z,SHORT,97786.6
2025-02-15T10:05:00.000Z,SHORT,97483.3
2025-02-15T11:10:00.000Z,SHORT,97499.3
2025-02-15T11:25:00.000Z,SHORT,97545.4
2025-02-15T12:00:00.000Z,SHORT,97537.5
2025-02-15T13:50:00.000Z,SHORT,97665.3
2025-02-15T19:50:00.000Z,SHORT,97494.3
2025-02-15T22:25:00.000Z,SHORT,97403.8
2025-02-16T00:55:00.000Z,SHORT,97546
2025-02-16T17:30:00.000Z,SHORT,96944.6
2025-02-16T20:35:00.000Z,SHORT,96913.4
2025-02-16T22:20:00.000Z,SHORT,96990.5
2025-02-17T07:10:00.000Z,SHORT,96248.8
2025-02-17T10:30:00.000Z,SHORT,96095.1
2025-02-18T22:05:00.000Z,SHORT,94899.9
2025-02-18T22:45:00.000Z,SHORT,95207.9
2025-02-20T06:55:00.000Z,LONG,96868
2025-02-20T07:15:00.000Z,LONG,96852.4
2025-02-20T08:00:00.000Z,LONG,96782.7
2025-02-20T08:25:00.000Z,LONG,96935.1
2025-02-20T22:30:00.000Z,LONG,98211.9
2025-02-21T01:45:00.000Z,LONG,98284
2025-02-22T09:05:00.000Z,LONG,96296.3
2025-02-22T15:20:00.000Z,LONG,96561.7
2025-02-22T15:45:00.000Z,LONG,96589.2
2025-02-22T19:30:00.000Z,LONG,96565.2
2025-02-23T00:30:00.000Z,LONG,96552.8
2025-02-23T02:25:00.000Z,LONG,96387.3
2025-02-23T02:40:00.000Z,LONG,96411.7
2025-02-23T07:00:00.000Z,LONG,96268.1
2025-02-24T18:00:00.000Z,SHORT,94592
2025-02-24T18:15:00.000Z,SHORT,94779.2
2025-02-25T03:20:00.000Z,SHORT,92000.9
2025-02-25T04:00:00.000Z,SHORT,91958.7
2025-02-25T04:20:00.000Z,SHORT,92200
2025-02-25T12:50:00.000Z,SHORT,88987.6
2025-02-25T13:20:00.000Z,SHORT,89104.2
2025-02-26T16:05:00.000Z,SHORT,87189.2
2025-02-26T22:40:00.000Z,SHORT,84256.9
2025-02-26T22:55:00.000Z,SHORT,84390.8
2025-02-26T23:05:00.000Z,SHORT,84471.9
2025-02-27T02:00:00.000Z,SHORT,84720.9
2025-02-27T22:30:00.000Z,SHORT,83989.8
2025-02-28T00:05:00.000Z,SHORT,84688.3
2025-02-28T10:15:00.000Z,SHORT,79870
2025-03-01T15:40:00.000Z,SHORT,84603
2025-03-01T17:25:00.000Z,SHORT,84991
2025-03-01T18:05:00.000Z,SHORT,85134
2025-03-01T19:20:00.000Z,SHORT,85243.2
2025-03-01T19:35:00.000Z,SHORT,85210.2
2025-03-01T20:10:00.000Z,SHORT,85376.7
2025-03-01T20:45:00.000Z,SHORT,85457.4
2025-03-02T07:10:00.000Z,SHORT,86124.9
2025-03-02T12:00:00.000Z,SHORT,85900
2025-03-03T06:10:00.000Z,SHORT,92935.8
2025-03-03T11:45:00.000Z,SHORT,92504.7
2025-03-03T12:35:00.000Z,SHORT,92838.2
2025-03-03T14:15:00.000Z,SHORT,93224.3
2025-03-03T23:50:00.000Z,SHORT,86239.2
2025-03-04T06:20:00.000Z,SHORT,84077.7
2025-03-04T06:35:00.000Z,SHORT,83819.5
2025-03-04T10:00:00.000Z,SHORT,83720.1
2025-03-06T01:25:00.000Z,LONG,90289.6
2025-03-07T18:00:00.000Z,LONG,88134.4
2025-03-08T01:05:00.000Z,SHORT,86538.2
2025-03-08T05:25:00.000Z,SHORT,86184.1
2025-03-08T06:45:00.000Z,SHORT,86304.4
2025-03-09T21:00:00.000Z,SHORT,82900.2
2025-03-10T20:45:00.000Z,SHORT,78825
2025-03-10T21:55:00.000Z,SHORT,79528
2025-03-10T22:05:00.000Z,SHORT,79290.3
2025-03-10T23:10:00.000Z,SHORT,79364.4
2025-03-12T09:10:00.000Z,SHORT,82525.6
2025-03-12T17:50:00.000Z,SHORT,82073.2
2025-03-12T19:35:00.000Z,SHORT,82600.9
2025-03-13T10:20:00.000Z,SHORT,83209.1
2025-03-13T23:25:00.000Z,SHORT,81060.8
2025-03-15T00:20:00.000Z,LONG,84070.9
2025-03-17T06:50:00.000Z,LONG,83232.2
2025-03-17T11:20:00.000Z,LONG,83536.7
2025-03-17T13:35:00.000Z,LONG,83640
2025-03-17T15:00:00.000Z,LONG,82733.1
2025-03-17T21:45:00.000Z,LONG,84101.6
2025-03-17T23:45:00.000Z,LONG,84057.8
2025-03-19T18:15:00.000Z,LONG,84450
2025-03-20T02:35:00.000Z,LONG,85889.9
2025-03-21T20:25:00.000Z,LONG,84050.6
2025-03-22T00:15:00.000Z,LONG,84113.1
2025-03-22T02:15:00.000Z,LONG,84093.6
2025-03-22T09:00:00.000Z,LONG,84191
2025-03-22T12:50:00.000Z,LONG,84210.4
2025-03-22T13:55:00.000Z,LONG,84140
2025-03-23T18:50:00.000Z,LONG,84960.9
2025-03-24T02:40:00.000Z,LONG,85714.9
2025-03-24T13:35:00.000Z,LONG,87369.8
2025-03-25T19:05:00.000Z,LONG,88007.5
2025-03-27T00:00:00.000Z,LONG,86892.2
2025-03-27T06:15:00.000Z,LONG,87423.7
2025-03-27T06:45:00.000Z,LONG,87301
2025-03-27T07:30:00.000Z,LONG,87380.1
2025-03-27T07:45:00.000Z,LONG,87303.7
2025-03-27T08:05:00.000Z,LONG,87233.1
2025-03-28T00:40:00.000Z,LONG,87175.2
2025-03-28T01:15:00.000Z,LONG,87090.9
2025-03-28T01:25:00.000Z,LONG,87125.4
2025-03-29T03:30:00.000Z,LONG,84126.4
2025-03-29T05:10:00.000Z,LONG,84050.3
2025-03-29T05:50:00.000Z,LONG,83967.2
2025-03-29T06:45:00.000Z,LONG,83781.5
2025-03-29T06:55:00.000Z,LONG,83757.4
2025-03-29T07:20:00.000Z,LONG,83769
2025-03-29T23:10:00.000Z,LONG,82424.9
2025-03-30T06:40:00.000Z,LONG,83116
2025-03-30T11:15:00.000Z,LONG,83296.2
2025-03-30T12:20:00.000Z,LONG,83048.5
2025-03-30T14:30:00.000Z,LONG,82734.9
2025-03-30T15:30:00.000Z,LONG,82789.7
2025-03-31T10:15:00.000Z,LONG,81521.5
2025-03-31T18:15:00.000Z,LONG,83252.5
2025-03-31T20:30:00.000Z,LONG,82729.7
2025-03-31T21:10:00.000Z,LONG,82522.7
2025-03-31T22:50:00.000Z,LONG,82336.8
2025-04-01T12:25:00.000Z,LONG,84025
2025-04-01T13:40:00.000Z,LONG,83696
2025-04-01T14:40:00.000Z,LONG,83474.4
2025-04-02T19:35:00.000Z,LONG,86361
2025-04-04T03:20:00.000Z,LONG,83019.5
2025-04-04T04:30:00.000Z,LONG,82876
2025-04-04T05:05:00.000Z,LONG,82749.3
2025-04-04T11:50:00.000Z,LONG,82430
2025-04-04T23:55:00.000Z,LONG,83861.3
2025-04-05T00:15:00.000Z,LONG,83804.8
2025-04-05T00:55:00.000Z,LONG,83760
2025-04-07T02:20:00.000Z,SHORT,78714
2025-04-07T09:20:00.000Z,SHORT,75907.8
2025-04-07T10:55:00.000Z,SHORT,76953.9
2025-04-08T14:00:00.000Z,SHORT,79961.6
2025-04-09T06:35:00.000Z,SHORT,76884.2
2025-04-10T06:30:00.000Z,SHORT,81960.1
2025-04-10T07:00:00.000Z,SHORT,82119.9
2025-04-10T07:10:00.000Z,SHORT,82076.4
2025-04-10T10:25:00.000Z,SHORT,81680
2025-04-10T12:50:00.000Z,SHORT,81682.4
2025-04-10T19:25:00.000Z,SHORT,79323.3
2025-04-10T21:15:00.000Z,SHORT,79757.9
2025-04-10T22:15:00.000Z,SHORT,79782.1
2025-04-10T22:30:00.000Z,SHORT,79800
2025-04-10T22:50:00.000Z,SHORT,79725.4
2025-04-11T12:40:00.000Z,LONG,82257.2
2025-04-11T13:30:00.000Z,LONG,82408.1
2025-04-11T15:25:00.000Z,LONG,82144.1
2025-04-11T23:35:00.000Z,LONG,83384.4
2025-04-12T17:40:00.000Z,LONG,84814.9
2025-04-13T00:05:00.000Z,LONG,85357
2025-04-13T00:25:00.000Z,LONG,85148.3
2025-04-13T00:45:00.000Z,LONG,85346.7
2025-04-14T06:40:00.000Z,LONG,84507.3
2025-04-14T07:10:00.000Z,LONG,84258.6
2025-04-14T07:45:00.000Z,LONG,84449.4
2025-04-14T10:25:00.000Z,LONG,84594.3
2025-04-14T14:25:00.000Z,LONG,85045.7
2025-04-14T21:10:00.000Z,LONG,84882.8
2025-04-14T21:20:00.000Z,LONG,84710.1
2025-04-15T11:55:00.000Z,LONG,85549.3
2025-04-16T13:35:00.000Z,LONG,83980.3
2025-04-16T13:50:00.000Z,LONG,83640.9
2025-04-16T14:00:00.000Z,LONG,83944.1
2025-04-16T19:00:00.000Z,LONG,83990.5
2025-04-17T00:35:00.000Z,LONG,84100.1
2025-04-17T02:55:00.000Z,LONG,84226.5
2025-04-17T03:10:00.000Z,LONG,84107
2025-04-17T04:20:00.000Z,LONG,83885.9
2025-04-17T09:45:00.000Z,LONG,84453.3
2025-04-17T10:50:00.000Z,LONG,84336.6
2025-04-17T20:05:00.000Z,LONG,85014
2025-04-17T20:30:00.000Z,LONG,84838.5
2025-04-17T23:25:00.000Z,LONG,84936.1
2025-04-18T01:05:00.000Z,LONG,84912.7
2025-04-19T11:55:00.000Z,LONG,85179.3
2025-04-20T23:00:00.000Z,LONG,84982.9
2025-04-21T12:00:00.000Z,LONG,87062.4
2025-04-21T12:55:00.000Z,LONG,87003
2025-04-23T02:25:00.000Z,LONG,92957.5
2025-04-23T02:45:00.000Z,LONG,92989.9
2025-04-23T03:25:00.000Z,LONG,92887.9
2025-04-24T18:10:00.000Z,LONG,93268.2
2025-04-25T18:30:00.000Z,LONG,94900.8
2025-04-27T02:55:00.000Z,LONG,94290
2025-04-28T14:25:00.000Z,LONG,94587.3
2025-04-28T14:35:00.000Z,LONG,94562
2025-04-29T03:30:00.000Z,LONG,94660.6
2025-04-29T13:50:00.000Z,LONG,94876
2025-04-29T14:30:00.000Z,LONG,94829.8
2025-04-30T23:30:00.000Z,LONG,94280.2
2025-05-01T18:45:00.000Z,LONG,96842.1
2025-05-01T19:45:00.000Z,LONG,96555
2025-05-01T20:10:00.000Z,LONG,96661.9
2025-05-01T21:10:00.000Z,LONG,96633.4
2025-05-05T21:00:00.000Z,LONG,94397.1
2025-05-06T01:10:00.000Z,LONG,94699.2
2025-05-06T01:35:00.000Z,LONG,94430.3
2025-05-06T02:50:00.000Z,LONG,94222.1
2025-05-06T08:50:00.000Z,LONG,94273.4
2025-05-06T09:50:00.000Z,LONG,94174.4
2025-05-06T21:50:00.000Z,LONG,94659.4
2025-05-07T03:50:00.000Z,LONG,96505.2
2025-05-07T06:00:00.000Z,LONG,96450
2025-05-08T13:20:00.000Z,LONG,99325.1
2025-05-09T01:45:00.000Z,LONG,102869.6
2025-05-11T03:25:00.000Z,LONG,103940.5
2025-05-12T09:35:00.000Z,LONG,104460.1
2025-05-12T10:35:00.000Z,LONG,104492.3
2025-05-13T15:05:00.000Z,LONG,103430.1
2025-05-13T23:40:00.000Z,LONG,104116.2
2025-05-15T15:05:00.000Z,LONG,101909.9
2025-05-15T19:45:00.000Z,LONG,103069.7
2025-05-15T21:50:00.000Z,LONG,103265.8
2025-05-16T05:10:00.000Z,LONG,103956.7
2025-05-16T05:30:00.000Z,LONG,103921.1
2025-05-16T06:15:00.000Z,LONG,103960.1
2025-05-17T04:45:00.000Z,SHORT,103454.1
2025-05-17T07:45:00.000Z,SHORT,103419.9
2025-05-17T15:40:00.000Z,SHORT,103012
2025-05-17T18:25:00.000Z,SHORT,103156.9
2025-05-18T12:30:00.000Z,LONG,103844.3
2025-05-18T19:00:00.000Z,LONG,104502.5
2025-05-19T09:05:00.000Z,SHORT,103001
2025-05-20T16:45:00.000Z,SHORT,105231.2
2025-05-20T18:15:00.000Z,SHORT,106157.7
2025-05-21T02:35:00.000Z,LONG,106757.2
2025-05-21T19:00:00.000Z,LONG,107101.3
2025-05-22T07:30:00.000Z,LONG,110807.1
2025-05-22T08:25:00.000Z,LONG,110770.5
2025-05-22T09:25:00.000Z,LONG,110636.4
2025-05-25T04:00:00.000Z,SHORT,108018.5
2025-05-25T05:10:00.000Z,SHORT,108077.5
2025-05-25T13:10:00.000Z,SHORT,107329.9
2025-05-25T14:00:00.000Z,SHORT,107467
2025-05-26T16:15:00.000Z,SHORT,109657
2025-05-26T21:15:00.000Z,SHORT,109188.2
2025-05-26T21:55:00.000Z,SHORT,109297.9
2025-05-26T22:40:00.000Z,SHORT,109349.5
2025-05-27T04:55:00.000Z,SHORT,108895.7
2025-05-27T06:55:00.000Z,SHORT,108780.6
2025-05-28T06:00:00.000Z,SHORT,108836.7
2025-05-28T08:05:00.000Z,SHORT,108817.7
2025-05-28T09:10:00.000Z,SHORT,108723.9
2025-05-28T12:50:00.000Z,SHORT,108766.3
2025-05-28T18:30:00.000Z,SHORT,107466.8
2025-05-28T19:05:00.000Z,SHORT,107665.1
2025-05-28T19:20:00.000Z,SHORT,107498.1
2025-05-28T22:10:00.000Z,SHORT,107270
2025-05-29T22:20:00.000Z,SHORT,106268.1
2025-05-30T03:10:00.000Z,SHORT,105956.4
2025-05-30T03:45:00.000Z,SHORT,106027.4
2025-05-30T04:45:00.000Z,SHORT,106032
2025-05-30T19:40:00.000Z,SHORT,104595.7
2025-05-30T21:45:00.000Z,SHORT,104610.2
2025-05-31T05:25:00.000Z,SHORT,103635.1
2025-06-02T08:45:00.000Z,SHORT,105403.5
2025-06-02T14:55:00.000Z,SHORT,104129.6
2025-06-02T16:15:00.000Z,SHORT,104228.5
2025-06-02T18:40:00.000Z,SHORT,104335.1
2025-06-02T19:20:00.000Z,SHORT,104395.7
2025-06-03T11:15:00.000Z,SHORT,105209.5
2025-06-03T12:00:00.000Z,SHORT,105258.2
2025-06-03T12:40:00.000Z,SHORT,105226.8
2025-06-03T13:30:00.000Z,SHORT,105127.8
2025-06-04T02:35:00.000Z,SHORT,105449.3
2025-06-04T09:05:00.000Z,SHORT,105307.6
2025-06-04T10:35:00.000Z,SHORT,105684.7
2025-06-04T16:10:00.000Z,SHORT,105200
2025-06-04T17:00:00.000Z,SHORT,105316.1
2025-06-05T01:35:00.000Z,SHORT,104780.7
2025-06-05T02:15:00.000Z,SHORT,104890.9
2025-06-05T23:55:00.000Z,SHORT,101458.6
2025-06-06T01:50:00.000Z,SHORT,101755.6
2025-06-06T02:40:00.000Z,SHORT,101850
2025-06-08T05:15:00.000Z,SHORT,105484.3
2025-06-08T05:35:00.000Z,SHORT,105444.4
2025-06-08T12:20:00.000Z,SHORT,105550.1
2025-06-08T13:55:00.000Z,SHORT,105558.8
2025-06-09T07:25:00.000Z,SHORT,105467.7
2025-06-09T07:40:00.000Z,SHORT,105523.6
2025-06-09T08:20:00.000Z,SHORT,105481.9
2025-06-10T02:45:00.000Z,LONG,109594.9
2025-06-10T03:45:00.000Z,LONG,109510.5
2025-06-12T01:10:00.000Z,SHORT,108526.9
2025-06-12T15:20:00.000Z,SHORT,107330
2025-06-13T04:15:00.000Z,SHORT,103881.6
2025-06-13T05:25:00.000Z,SHORT,104271.7
2025-06-14T19:50:00.000Z,SHORT,104686.7
2025-06-16T00:15:00.000Z,SHORT,105354.6
2025-06-17T04:20:00.000Z,SHORT,107498.1
2025-06-17T20:00:00.000Z,SHORT,104678.5
2025-06-17T22:30:00.000Z,SHORT,104434.4
2025-06-19T18:30:00.000Z,SHORT,104399
2025-06-20T21:10:00.000Z,SHORT,103488
2025-06-21T02:25:00.000Z,SHORT,103329.9
2025-06-21T03:45:00.000Z,SHORT,103562.3
2025-06-22T01:15:00.000Z,SHORT,102525.4
2025-06-22T13:00:00.000Z,SHORT,102646.8
2025-06-22T21:55:00.000Z,SHORT,99136
2025-06-24T10:25:00.000Z,SHORT,105108.8
2025-06-24T11:10:00.000Z,SHORT,105125.5
2025-06-24T15:35:00.000Z,SHORT,105359.9
2025-06-24T16:00:00.000Z,SHORT,105377.7
2025-06-24T17:25:00.000Z,SHORT,105607.1
2025-06-24T18:00:00.000Z,SHORT,105834.9
2025-06-24T21:40:00.000Z,SHORT,105850.1
2025-06-24T21:55:00.000Z,SHORT,105930.6
2025-06-25T00:35:00.000Z,SHORT,105843.4
2025-06-25T01:20:00.000Z,SHORT,106009
2025-06-25T02:40:00.000Z,SHORT,106466.1
2025-06-25T08:15:00.000Z,SHORT,106470.1
2025-06-25T08:55:00.000Z,SHORT,106599.9
2025-06-25T09:40:00.000Z,SHORT,106462.1
2025-06-25T20:00:00.000Z,SHORT,107481.2
2025-06-25T21:10:00.000Z,SHORT,107520.9
2025-06-27T06:50:00.000Z,LONG,107332.9
2025-06-28T00:35:00.000Z,LONG,106939.7
2025-06-28T01:45:00.000Z,LONG,106970.3
2025-06-28T10:15:00.000Z,LONG,107254.4
2025-06-28T11:20:00.000Z,LONG,107245.1
2025-06-29T14:10:00.000Z,LONG,108164.2
2025-06-29T15:35:00.000Z,LONG,107871.5
2025-07-02T12:55:00.000Z,LONG,107333.1
2025-07-02T21:35:00.000Z,LONG,109280.1
2025-07-03T00:05:00.000Z,LONG,108944.2
2025-07-03T00:25:00.000Z,LONG,108834.1
2025-07-05T02:40:00.000Z,LONG,107913
2025-07-05T09:40:00.000Z,LONG,107908.8
2025-07-05T16:55:00.000Z,LONG,108059.3
2025-07-05T19:25:00.000Z,LONG,107999.6
2025-07-06T04:00:00.000Z,LONG,108041.3
2025-07-06T06:00:00.000Z,LONG,107925.1
2025-07-06T19:50:00.000Z,LONG,108418.2
2025-07-07T01:30:00.000Z,LONG,108980
2025-07-08T16:20:00.000Z,LONG,108320
2025-07-08T21:30:00.000Z,LONG,108747.3
2025-07-09T15:20:00.000Z,LONG,108950.1
2025-07-10T01:30:00.000Z,LONG,111108.2
2025-07-10T04:30:00.000Z,LONG,111058.1
2025-07-10T05:05:00.000Z,LONG,110951.1
2025-07-10T05:50:00.000Z,LONG,111003.4
2025-07-13T10:05:00.000Z,LONG,117810.3
2025-07-13T11:00:00.000Z,LONG,117784.2
2025-07-13T17:35:00.000Z,LONG,118703.2
2025-07-13T22:35:00.000Z,LONG,118644.2
2025-07-14T10:35:00.000Z,LONG,122117.7
2025-07-14T12:00:00.000Z,LONG,121642.9
2025-07-14T13:45:00.000Z,LONG,121894.9
2025-07-15T19:10:00.000Z,LONG,117067.3
2025-07-15T20:30:00.000Z,LONG,116592
2025-07-16T03:05:00.000Z,LONG,117321.5
2025-07-16T13:30:00.000Z,LONG,118895.7
2025-07-16T14:40:00.000Z,LONG,118608.8
2025-07-16T20:15:00.000Z,LONG,119241.5
2025-07-17T20:45:00.000Z,LONG,119218.6
2025-07-18T00:25:00.000Z,LONG,119482
2025-07-19T09:05:00.000Z,LONG,118118.9
2025-07-19T13:15:00.000Z,LONG,118256.1
2025-07-19T15:15:00.000Z,LONG,118116.8
2025-07-19T16:25:00.000Z,LONG,118096.1
2025-07-19T19:00:00.000Z,LONG,117850
2025-07-19T19:30:00.000Z,LONG,117882.1
2025-07-20T06:40:00.000Z,LONG,117820.5
2025-07-20T11:40:00.000Z,LONG,117892.8
2025-07-20T12:05:00.000Z,LONG,117937.1
2025-07-20T12:45:00.000Z,LONG,117877.6
2025-07-20T18:30:00.000Z,LONG,118164.1
2025-07-20T20:45:00.000Z,LONG,118240.8
2025-07-21T03:45:00.000Z,SHORT,118325
2025-07-21T15:00:00.000Z,SHORT,118889.9
2025-07-21T23:00:00.000Z,SHORT,117163.8
2025-07-21T23:55:00.000Z,SHORT,117330.2
2025-07-22T14:40:00.000Z,LONG,118731.4
2025-07-22T17:35:00.000Z,LONG,119171.9
2025-07-23T12:30:00.000Z,SHORT,118490.9
2025-07-23T16:15:00.000Z,SHORT,117778.7
2025-07-23T19:30:00.000Z,SHORT,118230.8
2025-07-25T11:40:00.000Z,SHORT,116500
2025-07-25T12:45:00.000Z,SHORT,116433.8
2025-07-27T02:45:00.000Z,SHORT,118140.1
2025-07-27T03:05:00.000Z,SHORT,118067.1
2025-07-27T04:35:00.000Z,SHORT,118206.4
2025-07-27T05:25:00.000Z,SHORT,118243.6
2025-07-27T06:50:00.000Z,SHORT,118255.8
2025-07-27T11:25:00.000Z,SHORT,118168
2025-07-28T07:00:00.000Z,SHORT,119243.6
2025-07-28T13:00:00.000Z,SHORT,118737
2025-07-28T22:05:00.000Z,SHORT,118114.2
2025-07-29T00:30:00.000Z,SHORT,117782.2
2025-07-29T23:40:00.000Z,SHORT,117717
2025-07-31T17:00:00.000Z,SHORT,118217.4
2025-08-01T03:40:00.000Z,SHORT,115784
2025-08-01T10:25:00.000Z,SHORT,114947.3
2025-08-01T13:20:00.000Z,SHORT,115690.5
2025-08-01T22:05:00.000Z,SHORT,113488.8
2025-08-02T01:25:00.000Z,SHORT,113521.8
2025-08-02T17:45:00.000Z,SHORT,112994.2
2025-08-04T08:25:00.000Z,SHORT,114410.5
2025-08-04T09:30:00.000Z,SHORT,114553.5
2025-08-04T14:50:00.000Z,SHORT,114700.1
2025-08-05T11:00:00.000Z,SHORT,114766.9
2025-08-05T18:35:00.000Z,SHORT,113426.1
2025-08-05T19:25:00.000Z,SHORT,113550.4
2025-08-05T20:40:00.000Z,SHORT,113611
2025-08-05T21:35:00.000Z,SHORT,113706.7
2025-08-07T07:45:00.000Z,SHORT,114713
2025-08-07T08:50:00.000Z,SHORT,114969.3
2025-08-08T08:20:00.000Z,SHORT,116750.1
2025-08-08T12:10:00.000Z,SHORT,116578.8
2025-08-08T14:20:00.000Z,SHORT,116674.1
2025-08-08T18:35:00.000Z,SHORT,116381.2
2025-08-08T22:05:00.000Z,SHORT,116846.6
2025-08-09T06:00:00.000Z,SHORT,116615.5
2025-08-09T07:55:00.000Z,SHORT,116703.2
2025-08-09T21:15:00.000Z,SHORT,116592.1
2025-08-10T01:25:00.000Z,SHORT,116568.5
2025-08-11T08:40:00.000Z,LONG,121690
2025-08-11T09:55:00.000Z,LONG,121412.3
2025-08-11T10:20:00.000Z,LONG,121349
2025-08-12T12:00:00.000Z,LONG,118431.8
2025-08-12T12:25:00.000Z,LONG,118441.3
2025-08-12T18:10:00.000Z,LONG,119750.1
2025-08-13T02:30:00.000Z,LONG,119286
2025-08-14T02:45:00.000Z,LONG,123655.2
2025-08-15T10:05:00.000Z,LONG,118914
2025-08-16T04:20:00.000Z,LONG,117612.9
2025-08-16T07:05:00.000Z,LONG,117386.6
2025-08-16T10:55:00.000Z,LONG,117343.4
2025-08-16T11:50:00.000Z,LONG,117312.9
2025-08-16T20:35:00.000Z,LONG,117640.5
2025-08-16T22:35:00.000Z,LONG,117444
2025-08-16T23:45:00.000Z,LONG,117376.1
2025-08-17T23:10:00.000Z,SHORT,117734.9
2025-08-18T13:45:00.000Z,SHORT,115270.6
2025-08-19T10:00:00.000Z,SHORT,115268.3
2025-08-19T10:10:00.000Z,SHORT,115354.8
2025-08-19T10:30:00.000Z,SHORT,115339.3
2025-08-19T21:45:00.000Z,SHORT,113418
2025-08-21T08:25:00.000Z,SHORT,113714.6
2025-08-21T14:35:00.000Z,SHORT,113206.2
2025-08-21T22:30:00.000Z,SHORT,112473.3
2025-08-23T06:10:00.000Z,SHORT,115802.4
2025-08-23T18:25:00.000Z,SHORT,115040.1
2025-08-23T21:10:00.000Z,SHORT,115068.8
2025-08-23T23:25:00.000Z,SHORT,115231.3
2025-08-24T00:55:00.000Z,SHORT,115335
2025-08-24T01:40:00.000Z,SHORT,115454.2
2025-08-24T02:30:00.000Z,SHORT,115289.1
2025-08-24T19:00:00.000Z,SHORT,114541.1
2025-08-24T23:55:00.000Z,SHORT,113446.3
2025-08-25T03:25:00.000Z,SHORT,113329
2025-08-25T13:30:00.000Z,SHORT,111163.7
2025-08-27T12:15:00.000Z,SHORT,111200
2025-08-28T02:30:00.000Z,SHORT,111452.9
2025-08-28T23:20:00.000Z,SHORT,112303.6
2025-08-29T00:05:00.000Z,SHORT,112309.9
2025-08-29T13:15:00.000Z,SHORT,110391.1
2025-08-29T22:45:00.000Z,SHORT,108178.4
2025-08-29T23:55:00.000Z,SHORT,108332.4
2025-08-31T09:25:00.000Z,SHORT,108841.7
2025-09-02T00:30:00.000Z,SHORT,109015
2025-09-03T03:15:00.000Z,SHORT,111042.7
2025-09-03T08:45:00.000Z,SHORT,110957.2
2025-09-03T11:25:00.000Z,SHORT,111453
2025-09-04T01:10:00.000Z,SHORT,111652.1
2025-09-04T09:50:00.000Z,SHORT,110732.4
2025-09-04T10:45:00.000Z,SHORT,110878.2
2025-09-04T11:10:00.000Z,SHORT,110929.5
2025-09-04T11:55:00.000Z,SHORT,110763.9
2025-09-04T12:25:00.000Z,SHORT,110841.2
2025-09-04T19:15:00.000Z,SHORT,109970.5
2025-09-04T20:00:00.000Z,SHORT,110050
2025-09-05T20:15:00.000Z,SHORT,111323.5
2025-09-05T21:00:00.000Z,SHORT,111457.8
2025-09-07T07:25:00.000Z,LONG,110614.5
2025-09-07T18:50:00.000Z,LONG,110928.5
2025-09-08T17:25:00.000Z,LONG,112475.9
2025-09-08T18:15:00.000Z,LONG,112379.6
2025-09-08T19:05:00.000Z,LONG,112150
2025-09-09T12:10:00.000Z,LONG,112685.5
2025-09-10T18:00:00.000Z,LONG,113806.4
2025-09-10T18:15:00.000Z,LONG,113547.4
2025-09-10T19:45:00.000Z,LONG,113396.9
2025-09-12T04:10:00.000Z,LONG,115237.6
2025-09-12T22:05:00.000Z,LONG,115961.6
2025-09-12T23:15:00.000Z,LONG,115932.3
2025-09-16T01:05:00.000Z,LONG,115158
2025-09-16T01:45:00.000Z,LONG,115088.1
2025-09-16T02:30:00.000Z,LONG,115131.7
2025-09-16T03:00:00.000Z,LONG,115093.8
2025-09-16T10:25:00.000Z,LONG,115465.6
2025-09-16T11:30:00.000Z,LONG,115377.2
2025-09-16T15:00:00.000Z,LONG,115012
2025-09-17T01:15:00.000Z,LONG,116680.9
2025-09-17T02:10:00.000Z,LONG,116612.1
2025-09-17T05:00:00.000Z,LONG,116440.9
2025-09-18T07:00:00.000Z,LONG,117109
2025-09-18T08:10:00.000Z,LONG,117181.3
2025-09-18T12:15:00.000Z,LONG,117160
2025-09-18T12:30:00.000Z,LONG,117017.9
2025-09-20T02:50:00.000Z,LONG,115519.4
2025-09-20T04:20:00.000Z,LONG,115408.1
2025-09-20T04:35:00.000Z,LONG,115484.9
2025-09-20T10:15:00.000Z,LONG,115696.4
2025-09-20T19:05:00.000Z,LONG,115651.5
2025-09-21T00:10:00.000Z,LONG,115664.5
2025-09-21T00:50:00.000Z,LONG,115622.4
2025-09-21T09:50:00.000Z,LONG,115547
2025-09-22T20:25:00.000Z,LONG,112237
2025-09-23T22:25:00.000Z,SHORT,111950.8
2025-09-25T08:45:00.000Z,SHORT,111714.2
2025-09-25T09:45:00.000Z,SHORT,111668.8
2025-09-25T15:10:00.000Z,SHORT,111283.5
2025-09-26T02:20:00.000Z,SHORT,109543.4
2025-09-29T11:00:00.000Z,SHORT,111952.3
2025-09-29T12:50:00.000Z,SHORT,111983.5
2025-09-30T02:00:00.000Z,SHORT,114525.2
2025-09-30T14:05:00.000Z,SHORT,113016.2
2025-09-30T15:15:00.000Z,SHORT,113061.4
2025-10-01T00:00:00.000Z,LONG,114166.8
2025-10-01T07:20:00.000Z,LONG,114415.1
2025-10-01T18:35:00.000Z,LONG,117065.8
2025-10-03T20:45:00.000Z,LONG,122562.2
2025-10-03T21:05:00.000Z,LONG,122323.9
2025-10-03T22:00:00.000Z,LONG,122361.4
2025-10-06T05:45:00.000Z,LONG,123667.2
2025-10-06T08:20:00.000Z,LONG,123665
2025-10-06T21:55:00.000Z,LONG,125062
2025-10-06T22:50:00.000Z,LONG,125028.1
2025-10-08T04:20:00.000Z,LONG,121417.2
2025-10-08T06:20:00.000Z,LONG,121372.6
2025-10-08T14:00:00.000Z,LONG,123020
2025-10-08T14:35:00.000Z,LONG,122454.9
2025-10-08T16:05:00.000Z,LONG,122385
2025-10-08T21:30:00.000Z,LONG,123229.8
2025-10-08T23:20:00.000Z,LONG,123373.1
2025-10-11T03:20:00.000Z,SHORT,112039.9
2025-10-11T05:20:00.000Z,SHORT,112019.2
2025-10-11T06:35:00.000Z,SHORT,112096.9
2025-10-13T08:00:00.000Z,SHORT,115241.6
2025-10-13T14:25:00.000Z,SHORT,114254.9
2025-10-13T16:45:00.000Z,SHORT,114490
2025-10-13T17:15:00.000Z,SHORT,114430.5
2025-10-14T15:05:00.000Z,SHORT,111261
2025-10-15T19:35:00.000Z,SHORT,111152.8
2025-10-15T20:25:00.000Z,SHORT,110987.8
2025-10-15T20:45:00.000Z,SHORT,111332.9
2025-10-16T22:20:00.000Z,SHORT,107990.7
2025-10-17T01:35:00.000Z,SHORT,108675.9
2025-10-17T12:20:00.000Z,SHORT,105736.2
2025-10-17T13:40:00.000Z,SHORT,105279.9
2025-10-17T14:05:00.000Z,SHORT,105132.1
2025-10-20T15:55:00.000Z,SHORT,111079.1
2025-10-20T21:15:00.000Z,SHORT,110905.1
2025-10-21T12:10:00.000Z,SHORT,108417
2025-10-21T12:55:00.000Z,SHORT,108733.8
2025-10-22T05:10:00.000Z,SHORT,108294.5
2025-10-22T09:05:00.000Z,SHORT,108054.8
2025-10-22T13:30:00.000Z,SHORT,107675.6
2025-10-22T13:45:00.000Z,SHORT,107838.3
2025-10-24T13:25:00.000Z,SHORT,111175.2
2025-10-24T19:40:00.000Z,SHORT,110695.8
2025-10-24T21:10:00.000Z,SHORT,110590.9
2025-10-24T22:10:00.000Z,SHORT,110899.6
2025-10-24T22:35:00.000Z,SHORT,111003.1
2025-10-25T02:30:00.000Z,SHORT,110943.2
2025-10-25T03:35:00.000Z,SHORT,111006.6
2025-10-25T19:35:00.000Z,SHORT,111567.3
2025-10-25T23:35:00.000Z,SHORT,111533.4
2025-10-26T16:40:00.000Z,LONG,113596.3
2025-10-26T21:40:00.000Z,LONG,113410.7
2025-10-28T12:45:00.000Z,LONG,114439.2
2025-10-28T16:25:00.000Z,LONG,115019.9
2025-10-29T10:00:00.000Z,LONG,113040
2025-10-29T11:10:00.000Z,LONG,112990.2
2025-10-30T10:30:00.000Z,LONG,110110.7
2025-10-31T03:45:00.000Z,LONG,109205.9
2025-10-31T08:25:00.000Z,LONG,109784.8
2025-10-31T11:45:00.000Z,LONG,110036.9
2025-10-31T13:50:00.000Z,LONG,110040
2025-10-31T17:40:00.000Z,LONG,109244.6
2025-11-01T07:15:00.000Z,LONG,110065.1
2025-11-01T10:40:00.000Z,LONG,110038.9
2025-11-02T11:05:00.000Z,LONG,110600.8
2025-11-03T00:25:00.000Z,SHORT,110281.5
2025-11-03T12:40:00.000Z,SHORT,107782.8
2025-11-03T13:30:00.000Z,SHORT,107918
2025-11-03T18:25:00.000Z,SHORT,107210.1
2025-11-04T12:15:00.000Z,SHORT,104175.9
2025-11-04T15:45:00.000Z,SHORT,103695.7
2025-11-04T23:20:00.000Z,SHORT,101068.2
2025-11-05T00:05:00.000Z,SHORT,101074.9
2025-11-06T05:05:00.000Z,SHORT,103628.9
2025-11-06T12:10:00.000Z,SHORT,102969
2025-11-06T14:05:00.000Z,SHORT,102727.2
2025-11-06T19:35:00.000Z,SHORT,101536.2
2025-11-06T23:35:00.000Z,SHORT,101142.4
2025-11-07T00:15:00.000Z,SHORT,101001.1
2025-11-07T01:10:00.000Z,SHORT,101277.2
2025-11-07T01:35:00.000Z,SHORT,101193.8
2025-11-07T15:40:00.000Z,SHORT,100623
2025-11-08T09:05:00.000Z,SHORT,102231.7
2025-11-08T09:50:00.000Z,SHORT,102293.6
2025-11-08T11:30:00.000Z,SHORT,102297.1
2025-11-08T19:15:00.000Z,SHORT,101725.4
2025-11-08T21:10:00.000Z,SHORT,101984.4
2025-11-09T00:00:00.000Z,SHORT,102288.4
2025-11-09T06:30:00.000Z,SHORT,101785.8
2025-11-09T06:45:00.000Z,SHORT,101766.1
2025-11-09T09:35:00.000Z,SHORT,101939.2
2025-11-10T10:20:00.000Z,SHORT,106255.1
2025-11-10T14:10:00.000Z,SHORT,106207.6
2025-11-10T18:50:00.000Z,SHORT,105713.6
2025-11-10T20:50:00.000Z,SHORT,105895.7
2025-11-10T23:55:00.000Z,SHORT,105966.3
2025-11-11T01:55:00.000Z,SHORT,106047.4
2025-11-11T03:35:00.000Z,SHORT,106572.3
2025-11-11T09:45:00.000Z,SHORT,105022.2
2025-11-11T11:55:00.000Z,SHORT,105256.2
2025-11-11T12:10:00.000Z,SHORT,105167.7
2025-11-11T23:50:00.000Z,SHORT,102935.9
2025-11-12T00:30:00.000Z,SHORT,102923.6
2025-11-12T02:30:00.000Z,SHORT,102999.9
2025-11-12T22:05:00.000Z,SHORT,101620.7
2025-11-12T23:05:00.000Z,SHORT,101661
2025-11-12T23:35:00.000Z,SHORT,101639.9
2025-11-13T01:55:00.000Z,SHORT,101960.1
2025-11-13T23:50:00.000Z,SHORT,99757.9
2025-11-14T03:05:00.000Z,SHORT,99429.2
2025-11-17T23:10:00.000Z,SHORT,91981.1
2025-11-19T08:35:00.000Z,SHORT,91623.1
2025-11-19T11:50:00.000Z,SHORT,91362.9
2025-11-19T13:35:00.000Z,SHORT,91349.9
2025-11-19T15:25:00.000Z,SHORT,91196.9
2025-11-19T22:15:00.000Z,SHORT,90222.4
2025-11-20T23:05:00.000Z,SHORT,87613.1
2025-11-21T06:10:00.000Z,SHORT,85934.6
2025-11-24T02:55:00.000Z,SHORT,87483.6
2025-11-24T06:05:00.000Z,SHORT,86998.2
2025-11-24T14:00:00.000Z,SHORT,86052.3
2025-11-25T05:20:00.000Z,SHORT,88064.9
2025-11-25T12:35:00.000Z,SHORT,87403.1
2025-11-25T12:45:00.000Z,SHORT,87493.9
2025-11-25T18:10:00.000Z,SHORT,87583.8
2025-11-25T21:35:00.000Z,SHORT,87082.1
2025-11-26T14:55:00.000Z,SHORT,86858.1
2025-11-29T18:40:00.000Z,LONG,90540.4
2025-11-30T03:40:00.000Z,LONG,90861.7
2025-11-30T05:55:00.000Z,LONG,90742.7
2025-11-30T12:15:00.000Z,LONG,91219.5
2025-11-30T16:10:00.000Z,LONG,91461.8
2025-11-30T18:35:00.000Z,LONG,91376.2
2025-11-30T19:35:00.000Z,LONG,91425
2025-12-01T19:55:00.000Z,LONG,84985
2025-12-02T03:40:00.000Z,LONG,86932.7
2025-12-02T09:10:00.000Z,LONG,86616
2025-12-02T21:15:00.000Z,LONG,91162.4
2025-12-03T00:45:00.000Z,LONG,91592.3
2025-12-06T09:10:00.000Z,LONG,89474.4
2025-12-06T18:10:00.000Z,LONG,89727.7
2025-12-06T19:00:00.000Z,LONG,89675.8
2025-12-06T20:20:00.000Z,LONG,89380.5
2025-12-06T21:05:00.000Z,LONG,89447.3
2025-12-06T21:35:00.000Z,LONG,89446.6
2025-12-06T22:10:00.000Z,LONG,89468.4
2025-12-06T22:35:00.000Z,LONG,89393.6
2025-12-06T23:50:00.000Z,LONG,89184.5
2025-12-07T06:00:00.000Z,LONG,89502.4
2025-12-07T08:25:00.000Z,LONG,89318.6
2025-12-07T12:10:00.000Z,LONG,89244.2
2025-12-07T22:40:00.000Z,LONG,90040.5
2025-12-08T00:10:00.000Z,LONG,90023.6
2025-12-08T13:05:00.000Z,LONG,91843.2
2025-12-09T11:00:00.000Z,LONG,90283.6
2025-12-09T21:25:00.000Z,LONG,93064.6
2025-12-09T22:15:00.000Z,LONG,92615.6
2025-12-12T01:30:00.000Z,LONG,92223.1
2025-12-12T04:50:00.000Z,LONG,92350
2025-12-12T09:10:00.000Z,LONG,92300.9
2025-12-12T09:50:00.000Z,LONG,92350
2025-12-12T12:50:00.000Z,LONG,92352
2025-12-13T13:05:00.000Z,LONG,90330.4
2025-12-13T14:10:00.000Z,LONG,90259.2
2025-12-13T15:00:00.000Z,LONG,90203.8
2025-12-13T15:55:00.000Z,LONG,90055.4
2025-12-13T16:45:00.000Z,LONG,90077.5
2025-12-13T17:40:00.000Z,LONG,90064.5
2025-12-13T21:50:00.000Z,LONG,90090.1
2025-12-14T04:10:00.000Z,LONG,90242.2
2025-12-14T05:45:00.000Z,LONG,90169.6
2025-12-14T06:40:00.000Z,LONG,90130.2
2025-12-14T07:35:00.000Z,LONG,90100
2025-12-15T12:30:00.000Z,LONG,89672.6
2025-12-16T05:00:00.000Z,LONG,85859.9
2025-12-16T14:30:00.000Z,LONG,87076.4
2025-12-17T08:15:00.000Z,SHORT,86735.9
2025-12-17T12:40:00.000Z,SHORT,86811
2025-12-17T23:10:00.000Z,SHORT,85959.8
2025-12-17T23:45:00.000Z,SHORT,86108.4
2025-12-17T23:55:00.000Z,SHORT,86201.6
2025-12-18T00:15:00.000Z,SHORT,86072.1
2025-12-18T01:00:00.000Z,SHORT,86034.6
2025-12-18T23:15:00.000Z,SHORT,85504.7
2025-12-19T21:05:00.000Z,SHORT,87907.7
2025-12-22T03:05:00.000Z,LONG,88583.4
2025-12-22T16:00:00.000Z,LONG,89816.3
2025-12-22T16:35:00.000Z,LONG,89607.7
2025-12-23T18:25:00.000Z,LONG,87795.4
2025-12-23T23:35:00.000Z,LONG,87413.6
2025-12-24T03:25:00.000Z,LONG,87195
2025-12-24T15:40:00.000Z,LONG,87020.9
2025-12-24T16:20:00.000Z,LONG,86969
2025-12-25T01:10:00.000Z,LONG,87630
2025-12-25T05:45:00.000Z,LONG,87742.5
2025-12-25T06:05:00.000Z,LONG,87654.6
2025-12-25T06:15:00.000Z,LONG,87695
2025-12-25T21:10:00.000Z,LONG,87944.7
2025-12-26T08:50:00.000Z,LONG,88708.7
2025-12-26T12:10:00.000Z,LONG,88661.7
2025-12-27T11:15:00.000Z,LONG,87487.1
2025-12-27T11:45:00.000Z,LONG,87456.4
2025-12-27T12:25:00.000Z,LONG,87453.2
2025-12-27T13:40:00.000Z,LONG,87431.3
2025-12-27T14:25:00.000Z,LONG,87387.3
2025-12-28T05:50:00.000Z,LONG,87670.6
2025-12-29T08:10:00.000Z,LONG,89629.9
2025-12-30T19:25:00.000Z,LONG,88307.3
2025-12-30T20:30:00.000Z,LONG,88113.6
2025-12-30T21:10:00.000Z,LONG,88046.4
2026-01-01T14:50:00.000Z,LONG,87914.6
2026-01-02T02:50:00.000Z,LONG,88580
2026-01-02T05:50:00.000Z,LONG,88729.4
2026-01-02T14:45:00.000Z,LONG,89769.6
2026-01-02T15:10:00.000Z,LONG,89129.7
2026-01-02T15:30:00.000Z,LONG,89421.2
2026-01-02T19:40:00.000Z,LONG,89959.5
2026-01-02T20:10:00.000Z,LONG,90031.6
2026-01-02T21:15:00.000Z,LONG,89828.8
2026-01-04T07:40:00.000Z,LONG,91456.7
2026-01-04T08:45:00.000Z,LONG,91386.6
2026-01-04T09:20:00.000Z,LONG,91281.6
2026-01-05T05:15:00.000Z,LONG,92605.6
2026-01-05T06:45:00.000Z,LONG,92425.9
2026-01-05T14:05:00.000Z,LONG,92752.5
2026-01-05T14:35:00.000Z,LONG,92833.7
2026-01-05T21:55:00.000Z,LONG,94049.1
2026-01-08T04:20:00.000Z,LONG,90925.8
2026-01-08T15:00:00.000Z,LONG,89851.4
2026-01-08T20:50:00.000Z,LONG,90826.6
2026-01-09T03:40:00.000Z,LONG,91154
2026-01-09T05:05:00.000Z,LONG,91072.6
2026-01-09T05:50:00.000Z,LONG,90992.1
2026-01-09T15:20:00.000Z,LONG,90869.8
2026-01-10T15:00:00.000Z,LONG,90600
2026-01-11T07:20:00.000Z,LONG,90699.4
2026-01-13T12:25:00.000Z,LONG,92039.1
2026-01-13T13:00:00.000Z,LONG,91970.1
2026-01-13T13:25:00.000Z,LONG,92100
2026-01-14T19:10:00.000Z,LONG,96949.9
2026-01-17T02:50:00.000Z,LONG,95320.9
2026-01-17T04:15:00.000Z,LONG,95232.4
2026-01-17T04:25:00.000Z,LONG,95289
2026-01-17T04:40:00.000Z,LONG,95296.3
2026-01-17T06:35:00.000Z,LONG,95273.1
2026-01-17T08:05:00.000Z,LONG,95129.2
2026-01-17T11:20:00.000Z,LONG,95210.6
2026-01-17T17:25:00.000Z,LONG,95366.1
2026-01-17T17:50:00.000Z,LONG,95325.7
2026-01-17T20:25:00.000Z,LONG,95283.3
2026-01-18T13:45:00.000Z,LONG,95121.6
2026-01-19T13:50:00.000Z,LONG,92989.9
2026-01-19T15:00:00.000Z,LONG,92915
2026-01-19T19:15:00.000Z,LONG,93078.9
2026-01-19T23:35:00.000Z,LONG,92592.5
2026-01-20T11:45:00.000Z,SHORT,91299.1
2026-01-21T02:30:00.000Z,SHORT,88978.3
2026-01-22T18:50:00.000Z,SHORT,89370
2026-01-22T20:25:00.000Z,SHORT,89528.3
2026-01-23T00:55:00.000Z,SHORT,89484.6
2026-01-23T13:35:00.000Z,SHORT,89232
2026-01-23T14:30:00.000Z,SHORT,89104.7
2026-01-24T03:45:00.000Z,SHORT,89725.8
2026-01-24T18:55:00.000Z,SHORT,89351.6
2026-01-25T11:50:00.000Z,SHORT,88511
2026-01-25T13:25:00.000Z,SHORT,88651
2026-01-26T00:40:00.000Z,SHORT,86589.9
2026-01-27T12:50:00.000Z,SHORT,87970.1
2026-01-27T14:35:00.000Z,SHORT,87786.9
2026-01-27T17:05:00.000Z,SHORT,88131.5
2026-01-28T08:00:00.000Z,SHORT,89203.5
2026-01-28T18:25:00.000Z,SHORT,89735.9
2026-01-29T07:25:00.000Z,SHORT,88231.3
2026-01-29T08:00:00.000Z,SHORT,88221.7
2026-01-29T13:45:00.000Z,SHORT,88029.8
2026-01-29T22:15:00.000Z,SHORT,84395
2026-01-30T00:10:00.000Z,SHORT,84495.2
2026-01-30T05:20:00.000Z,SHORT,82975
2026-01-30T05:45:00.000Z,SHORT,83003.2
2026-01-31T22:45:00.000Z,SHORT,77968.3
2026-02-01T00:30:00.000Z,SHORT,78967.3
2026-02-03T05:10:00.000Z,SHORT,78468
2026-02-03T09:00:00.000Z,SHORT,78691.7
2026-02-03T13:50:00.000Z,SHORT,78205.8
2026-02-03T21:35:00.000Z,SHORT,76186.1
2026-02-04T02:00:00.000Z,SHORT,76353.3
2026-02-04T20:30:00.000Z,SHORT,73513.4
2026-02-05T00:10:00.000Z,SHORT,72756.7
2026-02-05T00:25:00.000Z,SHORT,73221.4
2026-02-05T07:55:00.000Z,SHORT,70716.1
2026-02-05T08:15:00.000Z,SHORT,71112.1
2026-02-05T08:55:00.000Z,SHORT,71020.9
2026-02-05T09:45:00.000Z,SHORT,71458.3
2026-02-06T02:20:00.000Z,SHORT,64348.3
2026-02-07T13:10:00.000Z,SHORT,68951.5
2026-02-07T16:30:00.000Z,SHORT,69324
2026-02-07T19:10:00.000Z,SHORT,69316.1
2026-02-08T02:40:00.000Z,SHORT,69289.1
2026-02-08T23:20:00.000Z,SHORT,70319.9
2026-02-09T04:30:00.000Z,SHORT,71054.9
2026-02-09T05:25:00.000Z,SHORT,70990.3
2026-02-09T05:55:00.000Z,SHORT,71014.2
2026-02-09T15:25:00.000Z,SHORT,68884.5
2026-02-09T16:10:00.000Z,SHORT,69164.3
2026-02-10T09:45:00.000Z,SHORT,68983.7
2026-02-10T14:35:00.000Z,SHORT,68545.9
2026-02-11T12:45:00.000Z,SHORT,67057.6
2026-02-11T14:35:00.000Z,SHORT,67220.1
2026-02-12T23:40:00.000Z,SHORT,66213
2026-02-14T16:05:00.000Z,SHORT,69633.8
2026-02-14T17:55:00.000Z,SHORT,69710.9
2026-02-14T18:25:00.000Z,SHORT,69707.3
2026-02-14T20:10:00.000Z,SHORT,69795.4
2026-02-14T21:30:00.000Z,SHORT,69906.2
2026-02-15T10:45:00.000Z,LONG,70468.4
2026-02-16T11:50:00.000Z,LONG,68783.2
2026-02-16T14:45:00.000Z,LONG,68561.1
2026-02-17T04:20:00.000Z,LONG,68654
2026-02-17T05:00:00.000Z,LONG,68471
2026-02-17T05:55:00.000Z,LONG,68207.3
2026-02-17T07:15:00.000Z,LONG,68270.3
2026-02-17T07:35:00.000Z,LONG,68438.3
2026-02-17T22:20:00.000Z,LONG,67622.5
2026-02-17T23:50:00.000Z,LONG,67478.7
2026-02-18T11:50:00.000Z,LONG,67503.6
2026-02-19T09:20:00.000Z,LONG,67130
2026-02-19T10:35:00.000Z,LONG,66918.6
2026-02-19T11:05:00.000Z,LONG,66875
2026-02-19T12:30:00.000Z,LONG,66602.3
2026-02-19T22:55:00.000Z,LONG,66873.9
2026-02-20T12:40:00.000Z,LONG,67441.5
2026-02-21T12:50:00.000Z,LONG,68147.1
2026-02-21T17:35:00.000Z,LONG,68315.8
2026-02-23T15:15:00.000Z,LONG,65987.6
2026-02-23T16:35:00.000Z,LONG,65569.8
2026-02-24T14:10:00.000Z,LONG,62919.8
2026-02-24T22:05:00.000Z,LONG,64143.8
2026-02-24T23:15:00.000Z,LONG,64081.4
2026-02-24T23:50:00.000Z,LONG,64000.9
2026-02-25T00:35:00.000Z,LONG,64146.5
2026-02-25T04:35:00.000Z,LONG,65581.4
2026-02-25T04:50:00.000Z,LONG,65426.9
2026-02-25T06:20:00.000Z,LONG,65054.9
2026-02-26T00:10:00.000Z,LONG,68123.5
2026-02-27T07:50:00.000Z,LONG,67696.3
2026-02-28T05:10:00.000Z,LONG,65688.8
2026-03-01T01:40:00.000Z,LONG,66589.6
2026-03-01T05:15:00.000Z,LONG,67381.9
2026-03-01T07:15:00.000Z,LONG,66964.8
2026-03-02T07:40:00.000Z,LONG,65935.6
2026-03-02T14:25:00.000Z,LONG,65551.9
2026-03-02T19:55:00.000Z,LONG,68928.4
2026-03-02T20:20:00.000Z,LONG,68935.3
2026-03-03T00:35:00.000Z,LONG,69065.1
2026-03-03T01:15:00.000Z,LONG,68870
2026-03-03T01:50:00.000Z,LONG,68839.7
2026-03-03T22:00:00.000Z,LONG,68256.8
2026-03-04T01:05:00.000Z,LONG,68202.8
2026-03-04T01:25:00.000Z,LONG,68212.6
2026-03-04T02:55:00.000Z,LONG,68286
2026-03-04T12:50:00.000Z,LONG,71106.3
2026-03-04T21:40:00.000Z,LONG,73199.1
2026-03-07T04:40:00.000Z,LONG,68106.3
2026-03-07T05:35:00.000Z,LONG,68016.5
2026-03-07T07:30:00.000Z,LONG,67720.1
2026-03-07T14:35:00.000Z,LONG,68027
2026-03-07T17:00:00.000Z,LONG,67813.6
2026-03-07T20:15:00.000Z,LONG,67215.3
2026-03-07T23:05:00.000Z,LONG,67273.6
2026-03-08T01:45:00.000Z,LONG,67299.9
2026-03-08T03:45:00.000Z,LONG,66967.2
2026-03-08T05:10:00.000Z,LONG,66950
2026-03-08T12:50:00.000Z,LONG,67312.2
2026-03-08T13:45:00.000Z,LONG,67128.4
2026-03-08T17:05:00.000Z,LONG,67104.9
2026-03-08T19:05:00.000Z,LONG,66926.5
2026-03-09T07:40:00.000Z,LONG,67385.6
2026-03-09T11:50:00.000Z,LONG,67744.8
2026-03-09T18:25:00.000Z,LONG,68514.6
2026-03-09T19:00:00.000Z,LONG,68455.6
2026-03-10T00:15:00.000Z,LONG,68653.1
2026-03-10T12:45:00.000Z,LONG,70475
2026-03-10T14:35:00.000Z,LONG,70139.2
2026-03-11T19:40:00.000Z,LONG,70637
2026-03-11T20:00:00.000Z,LONG,70458.5
2026-03-11T20:45:00.000Z,LONG,70493.5
2026-03-12T14:10:00.000Z,LONG,70336.5
2026-03-12T15:15:00.000Z,LONG,69781.8
2026-03-12T19:15:00.000Z,LONG,70037
2026-03-12T23:00:00.000Z,LONG,70374
2026-03-13T03:50:00.000Z,LONG,71436.3
2026-03-14T18:30:00.000Z,LONG,70634.4
2026-03-15T13:50:00.000Z,LONG,71492.1
2026-03-15T14:40:00.000Z,LONG,71457.5
2026-03-15T15:40:00.000Z,LONG,71457.3
2026-03-16T09:20:00.000Z,LONG,73141.1
2026-03-16T10:35:00.000Z,LONG,73194.7
2026-03-19T05:15:00.000Z,LONG,70832.1
2026-03-19T05:35:00.000Z,LONG,70756.7
2026-03-19T09:00:00.000Z,LONG,70066.9
2026-03-20T00:10:00.000Z,LONG,70050
2026-03-20T07:25:00.000Z,LONG,70420.7
2026-03-20T10:40:00.000Z,LONG,70496.1
2026-03-20T11:35:00.000Z,LONG,70300
2026-03-20T12:05:00.000Z,LONG,70630.6
2026-03-21T09:05:00.000Z,LONG,70679.2
2026-03-21T11:00:00.000Z,LONG,70580.3
2026-03-21T11:20:00.000Z,LONG,70555
2026-03-22T04:20:00.000Z,SHORT,69229.1
2026-03-22T13:45:00.000Z,SHORT,68625.4
